"actor_id","identifier","namespace","datasource_id"
"AF","AFG","ISO-3166-1 alpha-3","ISO 3166-1:2020"
"AL","ALB","ISO-3166-1 alpha-3","ISO 3166-1:2020"
"DZ","DZA","ISO-3166-1 alpha-3","ISO 3166-1:2020"
"AS","ASM","ISO-3166-1 alpha-3","ISO 3166-1:2020"
"AD","AND","ISO-3166-1 alpha-3","ISO 3166-1:2020"
"AO","AGO","ISO-3166-1 alpha-3","ISO 3166-1:2020"
"AI","AIA","ISO-3166-1 alpha-3","ISO 3166-1:2020"
"AQ","ATA","ISO-3166-1 alpha-3","ISO 3166-1:2020"
"AG","ATG","ISO-3166-1 alpha-3","ISO 3166-1:2020"
"AR","ARG","ISO-3166-1 alpha-3","ISO 3166-1:2020"
"AM","ARM","ISO-3166-1 alpha-3","ISO 3166-1:2020"
"AW","ABW","ISO-3166-1 alpha-3","ISO 3166-1:2020"
"AU","AUS","ISO-3166-1 alpha-3","ISO 3166-1:2020"
"AT","AUT","ISO-3166-1 alpha-3","ISO 3166-1:2020"
"AZ","AZE","ISO-3166-1 alpha-3","ISO 3166-1:2020"
"BS","BHS","ISO-3166-1 alpha-3","ISO 3166-1:2020"
"BH","BHR","ISO-3166-1 alpha-3","ISO 3166-1:2020"
"BD","BGD","ISO-3166-1 alpha-3","ISO 3166-1:2020"
"BB","BRB","ISO-3166-1 alpha-3","ISO 3166-1:2020"
"BY","BLR","ISO-3166-1 alpha-3","ISO 3166-1:2020"
"BE","BEL","ISO-3166-1 alpha-3","ISO 3166-1:2020"
"BZ","BLZ","ISO-3166-1 alpha-3","ISO 3166-1:2020"
"BJ","BEN","ISO-3166-1 alpha-3","ISO 3166-1:2020"
"BM","BMU","ISO-3166-1 alpha-3","ISO 3166-1:2020"
"AX","ALA","ISO-3166-1 alpha-3","ISO 3166-1:2020"
"BT","BTN","ISO-3166-1 alpha-3","ISO 3166-1:2020"
"BO","BOL","ISO-3166-1 alpha-3","ISO 3166-1:2020"
"BQ","BES","ISO-3166-1 alpha-3","ISO 3166-1:2020"
"BA","BIH","ISO-3166-1 alpha-3","ISO 3166-1:2020"
"BW","BWA","ISO-3166-1 alpha-3","ISO 3166-1:2020"
"BV","BVT","ISO-3166-1 alpha-3","ISO 3166-1:2020"
"BR","BRA","ISO-3166-1 alpha-3","ISO 3166-1:2020"
"IO","IOT","ISO-3166-1 alpha-3","ISO 3166-1:2020"
"BN","BRN","ISO-3166-1 alpha-3","ISO 3166-1:2020"
"BG","BGR","ISO-3166-1 alpha-3","ISO 3166-1:2020"
"BF","BFA","ISO-3166-1 alpha-3","ISO 3166-1:2020"
"BI","BDI","ISO-3166-1 alpha-3","ISO 3166-1:2020"
"CV","CPV","ISO-3166-1 alpha-3","ISO 3166-1:2020"
"KH","KHM","ISO-3166-1 alpha-3","ISO 3166-1:2020"
"CM","CMR","ISO-3166-1 alpha-3","ISO 3166-1:2020"
"CA","CAN","ISO-3166-1 alpha-3","ISO 3166-1:2020"
"KY","CYM","ISO-3166-1 alpha-3","ISO 3166-1:2020"
"CF","CAF","ISO-3166-1 alpha-3","ISO 3166-1:2020"
"TD","TCD","ISO-3166-1 alpha-3","ISO 3166-1:2020"
"CL","CHL","ISO-3166-1 alpha-3","ISO 3166-1:2020"
"CN","CHN","ISO-3166-1 alpha-3","ISO 3166-1:2020"
"CX","CXR","ISO-3166-1 alpha-3","ISO 3166-1:2020"
"CC","CCK","ISO-3166-1 alpha-3","ISO 3166-1:2020"
"CO","COL","ISO-3166-1 alpha-3","ISO 3166-1:2020"
"KM","COM","ISO-3166-1 alpha-3","ISO 3166-1:2020"
"CD","COD","ISO-3166-1 alpha-3","ISO 3166-1:2020"
"CG","COG","ISO-3166-1 alpha-3","ISO 3166-1:2020"
"CK","COK","ISO-3166-1 alpha-3","ISO 3166-1:2020"
"CR","CRI","ISO-3166-1 alpha-3","ISO 3166-1:2020"
"HR","HRV","ISO-3166-1 alpha-3","ISO 3166-1:2020"
"CU","CUB","ISO-3166-1 alpha-3","ISO 3166-1:2020"
"CW","CUW","ISO-3166-1 alpha-3","ISO 3166-1:2020"
"CY","CYP","ISO-3166-1 alpha-3","ISO 3166-1:2020"
"CZ","CZE","ISO-3166-1 alpha-3","ISO 3166-1:2020"
"CI","CIV","ISO-3166-1 alpha-3","ISO 3166-1:2020"
"DK","DNK","ISO-3166-1 alpha-3","ISO 3166-1:2020"
"DJ","DJI","ISO-3166-1 alpha-3","ISO 3166-1:2020"
"DM","DMA","ISO-3166-1 alpha-3","ISO 3166-1:2020"
"DO","DOM","ISO-3166-1 alpha-3","ISO 3166-1:2020"
"EC","ECU","ISO-3166-1 alpha-3","ISO 3166-1:2020"
"EG","EGY","ISO-3166-1 alpha-3","ISO 3166-1:2020"
"SV","SLV","ISO-3166-1 alpha-3","ISO 3166-1:2020"
"GQ","GNQ","ISO-3166-1 alpha-3","ISO 3166-1:2020"
"ER","ERI","ISO-3166-1 alpha-3","ISO 3166-1:2020"
"EE","EST","ISO-3166-1 alpha-3","ISO 3166-1:2020"
"SZ","SWZ","ISO-3166-1 alpha-3","ISO 3166-1:2020"
"ET","ETH","ISO-3166-1 alpha-3","ISO 3166-1:2020"
"FK","FLK","ISO-3166-1 alpha-3","ISO 3166-1:2020"
"FO","FRO","ISO-3166-1 alpha-3","ISO 3166-1:2020"
"FJ","FJI","ISO-3166-1 alpha-3","ISO 3166-1:2020"
"FI","FIN","ISO-3166-1 alpha-3","ISO 3166-1:2020"
"FR","FRA","ISO-3166-1 alpha-3","ISO 3166-1:2020"
"GF","GUF","ISO-3166-1 alpha-3","ISO 3166-1:2020"
"PF","PYF","ISO-3166-1 alpha-3","ISO 3166-1:2020"
"TF","ATF","ISO-3166-1 alpha-3","ISO 3166-1:2020"
"GA","GAB","ISO-3166-1 alpha-3","ISO 3166-1:2020"
"GM","GMB","ISO-3166-1 alpha-3","ISO 3166-1:2020"
"GE","GEO","ISO-3166-1 alpha-3","ISO 3166-1:2020"
"DE","DEU","ISO-3166-1 alpha-3","ISO 3166-1:2020"
"GH","GHA","ISO-3166-1 alpha-3","ISO 3166-1:2020"
"GI","GIB","ISO-3166-1 alpha-3","ISO 3166-1:2020"
"GR","GRC","ISO-3166-1 alpha-3","ISO 3166-1:2020"
"GL","GRL","ISO-3166-1 alpha-3","ISO 3166-1:2020"
"GD","GRD","ISO-3166-1 alpha-3","ISO 3166-1:2020"
"GP","GLP","ISO-3166-1 alpha-3","ISO 3166-1:2020"
"GU","GUM","ISO-3166-1 alpha-3","ISO 3166-1:2020"
"GT","GTM","ISO-3166-1 alpha-3","ISO 3166-1:2020"
"GG","GGY","ISO-3166-1 alpha-3","ISO 3166-1:2020"
"GN","GIN","ISO-3166-1 alpha-3","ISO 3166-1:2020"
"GW","GNB","ISO-3166-1 alpha-3","ISO 3166-1:2020"
"GY","GUY","ISO-3166-1 alpha-3","ISO 3166-1:2020"
"HT","HTI","ISO-3166-1 alpha-3","ISO 3166-1:2020"
"HM","HMD","ISO-3166-1 alpha-3","ISO 3166-1:2020"
"VA","VAT","ISO-3166-1 alpha-3","ISO 3166-1:2020"
"HN","HND","ISO-3166-1 alpha-3","ISO 3166-1:2020"
"HK","HKG","ISO-3166-1 alpha-3","ISO 3166-1:2020"
"HU","HUN","ISO-3166-1 alpha-3","ISO 3166-1:2020"
"IS","ISL","ISO-3166-1 alpha-3","ISO 3166-1:2020"
"IN","IND","ISO-3166-1 alpha-3","ISO 3166-1:2020"
"ID","IDN","ISO-3166-1 alpha-3","ISO 3166-1:2020"
"IR","IRN","ISO-3166-1 alpha-3","ISO 3166-1:2020"
"IQ","IRQ","ISO-3166-1 alpha-3","ISO 3166-1:2020"
"IE","IRL","ISO-3166-1 alpha-3","ISO 3166-1:2020"
"IM","IMN","ISO-3166-1 alpha-3","ISO 3166-1:2020"
"IL","ISR","ISO-3166-1 alpha-3","ISO 3166-1:2020"
"IT","ITA","ISO-3166-1 alpha-3","ISO 3166-1:2020"
"JM","JAM","ISO-3166-1 alpha-3","ISO 3166-1:2020"
"JP","JPN","ISO-3166-1 alpha-3","ISO 3166-1:2020"
"JE","JEY","ISO-3166-1 alpha-3","ISO 3166-1:2020"
"JO","JOR","ISO-3166-1 alpha-3","ISO 3166-1:2020"
"KZ","KAZ","ISO-3166-1 alpha-3","ISO 3166-1:2020"
"KE","KEN","ISO-3166-1 alpha-3","ISO 3166-1:2020"
"KI","KIR","ISO-3166-1 alpha-3","ISO 3166-1:2020"
"KP","PRK","ISO-3166-1 alpha-3","ISO 3166-1:2020"
"KR","KOR","ISO-3166-1 alpha-3","ISO 3166-1:2020"
"KW","KWT","ISO-3166-1 alpha-3","ISO 3166-1:2020"
"KG","KGZ","ISO-3166-1 alpha-3","ISO 3166-1:2020"
"LA","LAO","ISO-3166-1 alpha-3","ISO 3166-1:2020"
"LV","LVA","ISO-3166-1 alpha-3","ISO 3166-1:2020"
"LB","LBN","ISO-3166-1 alpha-3","ISO 3166-1:2020"
"LS","LSO","ISO-3166-1 alpha-3","ISO 3166-1:2020"
"LR","LBR","ISO-3166-1 alpha-3","ISO 3166-1:2020"
"LY","LBY","ISO-3166-1 alpha-3","ISO 3166-1:2020"
"LI","LIE","ISO-3166-1 alpha-3","ISO 3166-1:2020"
"LT","LTU","ISO-3166-1 alpha-3","ISO 3166-1:2020"
"LU","LUX","ISO-3166-1 alpha-3","ISO 3166-1:2020"
"MO","MAC","ISO-3166-1 alpha-3","ISO 3166-1:2020"
"MG","MDG","ISO-3166-1 alpha-3","ISO 3166-1:2020"
"MW","MWI","ISO-3166-1 alpha-3","ISO 3166-1:2020"
"MY","MYS","ISO-3166-1 alpha-3","ISO 3166-1:2020"
"MV","MDV","ISO-3166-1 alpha-3","ISO 3166-1:2020"
"ML","MLI","ISO-3166-1 alpha-3","ISO 3166-1:2020"
"MT","MLT","ISO-3166-1 alpha-3","ISO 3166-1:2020"
"MH","MHL","ISO-3166-1 alpha-3","ISO 3166-1:2020"
"MQ","MTQ","ISO-3166-1 alpha-3","ISO 3166-1:2020"
"MR","MRT","ISO-3166-1 alpha-3","ISO 3166-1:2020"
"MU","MUS","ISO-3166-1 alpha-3","ISO 3166-1:2020"
"YT","MYT","ISO-3166-1 alpha-3","ISO 3166-1:2020"
"MX","MEX","ISO-3166-1 alpha-3","ISO 3166-1:2020"
"FM","FSM","ISO-3166-1 alpha-3","ISO 3166-1:2020"
"MD","MDA","ISO-3166-1 alpha-3","ISO 3166-1:2020"
"MC","MCO","ISO-3166-1 alpha-3","ISO 3166-1:2020"
"MN","MNG","ISO-3166-1 alpha-3","ISO 3166-1:2020"
"ME","MNE","ISO-3166-1 alpha-3","ISO 3166-1:2020"
"MS","MSR","ISO-3166-1 alpha-3","ISO 3166-1:2020"
"MA","MAR","ISO-3166-1 alpha-3","ISO 3166-1:2020"
"MZ","MOZ","ISO-3166-1 alpha-3","ISO 3166-1:2020"
"MM","MMR","ISO-3166-1 alpha-3","ISO 3166-1:2020"
"NA","NAM","ISO-3166-1 alpha-3","ISO 3166-1:2020"
"NR","NRU","ISO-3166-1 alpha-3","ISO 3166-1:2020"
"NP","NPL","ISO-3166-1 alpha-3","ISO 3166-1:2020"
"NL","NLD","ISO-3166-1 alpha-3","ISO 3166-1:2020"
"NC","NCL","ISO-3166-1 alpha-3","ISO 3166-1:2020"
"NZ","NZL","ISO-3166-1 alpha-3","ISO 3166-1:2020"
"NI","NIC","ISO-3166-1 alpha-3","ISO 3166-1:2020"
"NE","NER","ISO-3166-1 alpha-3","ISO 3166-1:2020"
"NG","NGA","ISO-3166-1 alpha-3","ISO 3166-1:2020"
"NU","NIU","ISO-3166-1 alpha-3","ISO 3166-1:2020"
"NF","NFK","ISO-3166-1 alpha-3","ISO 3166-1:2020"
"MK","MKD","ISO-3166-1 alpha-3","ISO 3166-1:2020"
"MP","MNP","ISO-3166-1 alpha-3","ISO 3166-1:2020"
"NO","NOR","ISO-3166-1 alpha-3","ISO 3166-1:2020"
"OM","OMN","ISO-3166-1 alpha-3","ISO 3166-1:2020"
"PK","PAK","ISO-3166-1 alpha-3","ISO 3166-1:2020"
"PW","PLW","ISO-3166-1 alpha-3","ISO 3166-1:2020"
"PS","PSE","ISO-3166-1 alpha-3","ISO 3166-1:2020"
"PA","PAN","ISO-3166-1 alpha-3","ISO 3166-1:2020"
"PG","PNG","ISO-3166-1 alpha-3","ISO 3166-1:2020"
"PY","PRY","ISO-3166-1 alpha-3","ISO 3166-1:2020"
"PE","PER","ISO-3166-1 alpha-3","ISO 3166-1:2020"
"PH","PHL","ISO-3166-1 alpha-3","ISO 3166-1:2020"
"PN","PCN","ISO-3166-1 alpha-3","ISO 3166-1:2020"
"PL","POL","ISO-3166-1 alpha-3","ISO 3166-1:2020"
"PT","PRT","ISO-3166-1 alpha-3","ISO 3166-1:2020"
"PR","PRI","ISO-3166-1 alpha-3","ISO 3166-1:2020"
"QA","QAT","ISO-3166-1 alpha-3","ISO 3166-1:2020"
"RO","ROU","ISO-3166-1 alpha-3","ISO 3166-1:2020"
"RU","RUS","ISO-3166-1 alpha-3","ISO 3166-1:2020"
"RW","RWA","ISO-3166-1 alpha-3","ISO 3166-1:2020"
"RE","REU","ISO-3166-1 alpha-3","ISO 3166-1:2020"
"BL","BLM","ISO-3166-1 alpha-3","ISO 3166-1:2020"
"SH","SHN","ISO-3166-1 alpha-3","ISO 3166-1:2020"
"KN","KNA","ISO-3166-1 alpha-3","ISO 3166-1:2020"
"LC","LCA","ISO-3166-1 alpha-3","ISO 3166-1:2020"
"MF","MAF","ISO-3166-1 alpha-3","ISO 3166-1:2020"
"PM","SPM","ISO-3166-1 alpha-3","ISO 3166-1:2020"
"VC","VCT","ISO-3166-1 alpha-3","ISO 3166-1:2020"
"WS","WSM","ISO-3166-1 alpha-3","ISO 3166-1:2020"
"SM","SMR","ISO-3166-1 alpha-3","ISO 3166-1:2020"
"ST","STP","ISO-3166-1 alpha-3","ISO 3166-1:2020"
"SA","SAU","ISO-3166-1 alpha-3","ISO 3166-1:2020"
"SN","SEN","ISO-3166-1 alpha-3","ISO 3166-1:2020"
"RS","SRB","ISO-3166-1 alpha-3","ISO 3166-1:2020"
"SC","SYC","ISO-3166-1 alpha-3","ISO 3166-1:2020"
"SL","SLE","ISO-3166-1 alpha-3","ISO 3166-1:2020"
"SG","SGP","ISO-3166-1 alpha-3","ISO 3166-1:2020"
"SX","SXM","ISO-3166-1 alpha-3","ISO 3166-1:2020"
"SK","SVK","ISO-3166-1 alpha-3","ISO 3166-1:2020"
"SI","SVN","ISO-3166-1 alpha-3","ISO 3166-1:2020"
"SB","SLB","ISO-3166-1 alpha-3","ISO 3166-1:2020"
"SO","SOM","ISO-3166-1 alpha-3","ISO 3166-1:2020"
"ZA","ZAF","ISO-3166-1 alpha-3","ISO 3166-1:2020"
"GS","SGS","ISO-3166-1 alpha-3","ISO 3166-1:2020"
"SS","SSD","ISO-3166-1 alpha-3","ISO 3166-1:2020"
"ES","ESP","ISO-3166-1 alpha-3","ISO 3166-1:2020"
"LK","LKA","ISO-3166-1 alpha-3","ISO 3166-1:2020"
"SD","SDN","ISO-3166-1 alpha-3","ISO 3166-1:2020"
"SR","SUR","ISO-3166-1 alpha-3","ISO 3166-1:2020"
"SJ","SJM","ISO-3166-1 alpha-3","ISO 3166-1:2020"
"SE","SWE","ISO-3166-1 alpha-3","ISO 3166-1:2020"
"CH","CHE","ISO-3166-1 alpha-3","ISO 3166-1:2020"
"SY","SYR","ISO-3166-1 alpha-3","ISO 3166-1:2020"
"TW","TWN","ISO-3166-1 alpha-3","ISO 3166-1:2020"
"TJ","TJK","ISO-3166-1 alpha-3","ISO 3166-1:2020"
"TZ","TZA","ISO-3166-1 alpha-3","ISO 3166-1:2020"
"TH","THA","ISO-3166-1 alpha-3","ISO 3166-1:2020"
"TL","TLS","ISO-3166-1 alpha-3","ISO 3166-1:2020"
"TG","TGO","ISO-3166-1 alpha-3","ISO 3166-1:2020"
"TK","TKL","ISO-3166-1 alpha-3","ISO 3166-1:2020"
"TO","TON","ISO-3166-1 alpha-3","ISO 3166-1:2020"
"TT","TTO","ISO-3166-1 alpha-3","ISO 3166-1:2020"
"TN","TUN","ISO-3166-1 alpha-3","ISO 3166-1:2020"
"TM","TKM","ISO-3166-1 alpha-3","ISO 3166-1:2020"
"TC","TCA","ISO-3166-1 alpha-3","ISO 3166-1:2020"
"TV","TUV","ISO-3166-1 alpha-3","ISO 3166-1:2020"
"TR","TUR","ISO-3166-1 alpha-3","ISO 3166-1:2020"
"UG","UGA","ISO-3166-1 alpha-3","ISO 3166-1:2020"
"UA","UKR","ISO-3166-1 alpha-3","ISO 3166-1:2020"
"AE","ARE","ISO-3166-1 alpha-3","ISO 3166-1:2020"
"GB","GBR","ISO-3166-1 alpha-3","ISO 3166-1:2020"
"UM","UMI","ISO-3166-1 alpha-3","ISO 3166-1:2020"
"US","USA","ISO-3166-1 alpha-3","ISO 3166-1:2020"
"UY","URY","ISO-3166-1 alpha-3","ISO 3166-1:2020"
"UZ","UZB","ISO-3166-1 alpha-3","ISO 3166-1:2020"
"VU","VUT","ISO-3166-1 alpha-3","ISO 3166-1:2020"
"VE","VEN","ISO-3166-1 alpha-3","ISO 3166-1:2020"
"VN","VNM","ISO-3166-1 alpha-3","ISO 3166-1:2020"
"VG","VGB","ISO-3166-1 alpha-3","ISO 3166-1:2020"
"VI","VIR","ISO-3166-1 alpha-3","ISO 3166-1:2020"
"WF","WLF","ISO-3166-1 alpha-3","ISO 3166-1:2020"
"EH","ESH","ISO-3166-1 alpha-3","ISO 3166-1:2020"
"YE","YEM","ISO-3166-1 alpha-3","ISO 3166-1:2020"
"ZM","ZMB","ISO-3166-1 alpha-3","ISO 3166-1:2020"
"ZW","ZWE","ISO-3166-1 alpha-3","ISO 3166-1:2020"
"AF","004","ISO-3166-1 numeric","ISO 3166-1:2020"
"AL","008","ISO-3166-1 numeric","ISO 3166-1:2020"
"DZ","012","ISO-3166-1 numeric","ISO 3166-1:2020"
"AS","016","ISO-3166-1 numeric","ISO 3166-1:2020"
"AD","020","ISO-3166-1 numeric","ISO 3166-1:2020"
"AO","024","ISO-3166-1 numeric","ISO 3166-1:2020"
"AI","660","ISO-3166-1 numeric","ISO 3166-1:2020"
"AQ","010","ISO-3166-1 numeric","ISO 3166-1:2020"
"AG","028","ISO-3166-1 numeric","ISO 3166-1:2020"
"AR","032","ISO-3166-1 numeric","ISO 3166-1:2020"
"AM","051","ISO-3166-1 numeric","ISO 3166-1:2020"
"AW","533","ISO-3166-1 numeric","ISO 3166-1:2020"
"AU","036","ISO-3166-1 numeric","ISO 3166-1:2020"
"AT","040","ISO-3166-1 numeric","ISO 3166-1:2020"
"AZ","031","ISO-3166-1 numeric","ISO 3166-1:2020"
"BS","044","ISO-3166-1 numeric","ISO 3166-1:2020"
"BH","048","ISO-3166-1 numeric","ISO 3166-1:2020"
"BD","050","ISO-3166-1 numeric","ISO 3166-1:2020"
"BB","052","ISO-3166-1 numeric","ISO 3166-1:2020"
"BY","112","ISO-3166-1 numeric","ISO 3166-1:2020"
"BE","056","ISO-3166-1 numeric","ISO 3166-1:2020"
"BZ","084","ISO-3166-1 numeric","ISO 3166-1:2020"
"BJ","204","ISO-3166-1 numeric","ISO 3166-1:2020"
"BM","060","ISO-3166-1 numeric","ISO 3166-1:2020"
"AX","248","ISO-3166-1 numeric","ISO 3166-1:2020"
"BT","064","ISO-3166-1 numeric","ISO 3166-1:2020"
"BO","068","ISO-3166-1 numeric","ISO 3166-1:2020"
"BQ","535","ISO-3166-1 numeric","ISO 3166-1:2020"
"BA","070","ISO-3166-1 numeric","ISO 3166-1:2020"
"BW","072","ISO-3166-1 numeric","ISO 3166-1:2020"
"BV","074","ISO-3166-1 numeric","ISO 3166-1:2020"
"BR","076","ISO-3166-1 numeric","ISO 3166-1:2020"
"IO","086","ISO-3166-1 numeric","ISO 3166-1:2020"
"BN","096","ISO-3166-1 numeric","ISO 3166-1:2020"
"BG","100","ISO-3166-1 numeric","ISO 3166-1:2020"
"BF","854","ISO-3166-1 numeric","ISO 3166-1:2020"
"BI","108","ISO-3166-1 numeric","ISO 3166-1:2020"
"CV","132","ISO-3166-1 numeric","ISO 3166-1:2020"
"KH","116","ISO-3166-1 numeric","ISO 3166-1:2020"
"CM","120","ISO-3166-1 numeric","ISO 3166-1:2020"
"CA","124","ISO-3166-1 numeric","ISO 3166-1:2020"
"KY","136","ISO-3166-1 numeric","ISO 3166-1:2020"
"CF","140","ISO-3166-1 numeric","ISO 3166-1:2020"
"TD","148","ISO-3166-1 numeric","ISO 3166-1:2020"
"CL","152","ISO-3166-1 numeric","ISO 3166-1:2020"
"CN","156","ISO-3166-1 numeric","ISO 3166-1:2020"
"CX","162","ISO-3166-1 numeric","ISO 3166-1:2020"
"CC","166","ISO-3166-1 numeric","ISO 3166-1:2020"
"CO","170","ISO-3166-1 numeric","ISO 3166-1:2020"
"KM","174","ISO-3166-1 numeric","ISO 3166-1:2020"
"CD","180","ISO-3166-1 numeric","ISO 3166-1:2020"
"CG","178","ISO-3166-1 numeric","ISO 3166-1:2020"
"CK","184","ISO-3166-1 numeric","ISO 3166-1:2020"
"CR","188","ISO-3166-1 numeric","ISO 3166-1:2020"
"HR","191","ISO-3166-1 numeric","ISO 3166-1:2020"
"CU","192","ISO-3166-1 numeric","ISO 3166-1:2020"
"CW","531","ISO-3166-1 numeric","ISO 3166-1:2020"
"CY","196","ISO-3166-1 numeric","ISO 3166-1:2020"
"CZ","203","ISO-3166-1 numeric","ISO 3166-1:2020"
"CI","384","ISO-3166-1 numeric","ISO 3166-1:2020"
"DK","208","ISO-3166-1 numeric","ISO 3166-1:2020"
"DJ","262","ISO-3166-1 numeric","ISO 3166-1:2020"
"DM","212","ISO-3166-1 numeric","ISO 3166-1:2020"
"DO","214","ISO-3166-1 numeric","ISO 3166-1:2020"
"EC","218","ISO-3166-1 numeric","ISO 3166-1:2020"
"EG","818","ISO-3166-1 numeric","ISO 3166-1:2020"
"SV","222","ISO-3166-1 numeric","ISO 3166-1:2020"
"GQ","226","ISO-3166-1 numeric","ISO 3166-1:2020"
"ER","232","ISO-3166-1 numeric","ISO 3166-1:2020"
"EE","233","ISO-3166-1 numeric","ISO 3166-1:2020"
"SZ","748","ISO-3166-1 numeric","ISO 3166-1:2020"
"ET","231","ISO-3166-1 numeric","ISO 3166-1:2020"
"FK","238","ISO-3166-1 numeric","ISO 3166-1:2020"
"FO","234","ISO-3166-1 numeric","ISO 3166-1:2020"
"FJ","242","ISO-3166-1 numeric","ISO 3166-1:2020"
"FI","246","ISO-3166-1 numeric","ISO 3166-1:2020"
"FR","250","ISO-3166-1 numeric","ISO 3166-1:2020"
"GF","254","ISO-3166-1 numeric","ISO 3166-1:2020"
"PF","258","ISO-3166-1 numeric","ISO 3166-1:2020"
"TF","260","ISO-3166-1 numeric","ISO 3166-1:2020"
"GA","266","ISO-3166-1 numeric","ISO 3166-1:2020"
"GM","270","ISO-3166-1 numeric","ISO 3166-1:2020"
"GE","268","ISO-3166-1 numeric","ISO 3166-1:2020"
"DE","276","ISO-3166-1 numeric","ISO 3166-1:2020"
"GH","288","ISO-3166-1 numeric","ISO 3166-1:2020"
"GI","292","ISO-3166-1 numeric","ISO 3166-1:2020"
"GR","300","ISO-3166-1 numeric","ISO 3166-1:2020"
"GL","304","ISO-3166-1 numeric","ISO 3166-1:2020"
"GD","308","ISO-3166-1 numeric","ISO 3166-1:2020"
"GP","312","ISO-3166-1 numeric","ISO 3166-1:2020"
"GU","316","ISO-3166-1 numeric","ISO 3166-1:2020"
"GT","320","ISO-3166-1 numeric","ISO 3166-1:2020"
"GG","831","ISO-3166-1 numeric","ISO 3166-1:2020"
"GN","324","ISO-3166-1 numeric","ISO 3166-1:2020"
"GW","624","ISO-3166-1 numeric","ISO 3166-1:2020"
"GY","328","ISO-3166-1 numeric","ISO 3166-1:2020"
"HT","332","ISO-3166-1 numeric","ISO 3166-1:2020"
"HM","334","ISO-3166-1 numeric","ISO 3166-1:2020"
"VA","336","ISO-3166-1 numeric","ISO 3166-1:2020"
"HN","340","ISO-3166-1 numeric","ISO 3166-1:2020"
"HK","344","ISO-3166-1 numeric","ISO 3166-1:2020"
"HU","348","ISO-3166-1 numeric","ISO 3166-1:2020"
"IS","352","ISO-3166-1 numeric","ISO 3166-1:2020"
"IN","356","ISO-3166-1 numeric","ISO 3166-1:2020"
"ID","360","ISO-3166-1 numeric","ISO 3166-1:2020"
"IR","364","ISO-3166-1 numeric","ISO 3166-1:2020"
"IQ","368","ISO-3166-1 numeric","ISO 3166-1:2020"
"IE","372","ISO-3166-1 numeric","ISO 3166-1:2020"
"IM","833","ISO-3166-1 numeric","ISO 3166-1:2020"
"IL","376","ISO-3166-1 numeric","ISO 3166-1:2020"
"IT","380","ISO-3166-1 numeric","ISO 3166-1:2020"
"JM","388","ISO-3166-1 numeric","ISO 3166-1:2020"
"JP","392","ISO-3166-1 numeric","ISO 3166-1:2020"
"JE","832","ISO-3166-1 numeric","ISO 3166-1:2020"
"JO","400","ISO-3166-1 numeric","ISO 3166-1:2020"
"KZ","398","ISO-3166-1 numeric","ISO 3166-1:2020"
"KE","404","ISO-3166-1 numeric","ISO 3166-1:2020"
"KI","296","ISO-3166-1 numeric","ISO 3166-1:2020"
"KP","408","ISO-3166-1 numeric","ISO 3166-1:2020"
"KR","410","ISO-3166-1 numeric","ISO 3166-1:2020"
"KW","414","ISO-3166-1 numeric","ISO 3166-1:2020"
"KG","417","ISO-3166-1 numeric","ISO 3166-1:2020"
"LA","418","ISO-3166-1 numeric","ISO 3166-1:2020"
"LV","428","ISO-3166-1 numeric","ISO 3166-1:2020"
"LB","422","ISO-3166-1 numeric","ISO 3166-1:2020"
"LS","426","ISO-3166-1 numeric","ISO 3166-1:2020"
"LR","430","ISO-3166-1 numeric","ISO 3166-1:2020"
"LY","434","ISO-3166-1 numeric","ISO 3166-1:2020"
"LI","438","ISO-3166-1 numeric","ISO 3166-1:2020"
"LT","440","ISO-3166-1 numeric","ISO 3166-1:2020"
"LU","442","ISO-3166-1 numeric","ISO 3166-1:2020"
"MO","446","ISO-3166-1 numeric","ISO 3166-1:2020"
"MG","450","ISO-3166-1 numeric","ISO 3166-1:2020"
"MW","454","ISO-3166-1 numeric","ISO 3166-1:2020"
"MY","458","ISO-3166-1 numeric","ISO 3166-1:2020"
"MV","462","ISO-3166-1 numeric","ISO 3166-1:2020"
"ML","466","ISO-3166-1 numeric","ISO 3166-1:2020"
"MT","470","ISO-3166-1 numeric","ISO 3166-1:2020"
"MH","584","ISO-3166-1 numeric","ISO 3166-1:2020"
"MQ","474","ISO-3166-1 numeric","ISO 3166-1:2020"
"MR","478","ISO-3166-1 numeric","ISO 3166-1:2020"
"MU","480","ISO-3166-1 numeric","ISO 3166-1:2020"
"YT","175","ISO-3166-1 numeric","ISO 3166-1:2020"
"MX","484","ISO-3166-1 numeric","ISO 3166-1:2020"
"FM","583","ISO-3166-1 numeric","ISO 3166-1:2020"
"MD","498","ISO-3166-1 numeric","ISO 3166-1:2020"
"MC","492","ISO-3166-1 numeric","ISO 3166-1:2020"
"MN","496","ISO-3166-1 numeric","ISO 3166-1:2020"
"ME","499","ISO-3166-1 numeric","ISO 3166-1:2020"
"MS","500","ISO-3166-1 numeric","ISO 3166-1:2020"
"MA","504","ISO-3166-1 numeric","ISO 3166-1:2020"
"MZ","508","ISO-3166-1 numeric","ISO 3166-1:2020"
"MM","104","ISO-3166-1 numeric","ISO 3166-1:2020"
"NA","516","ISO-3166-1 numeric","ISO 3166-1:2020"
"NR","520","ISO-3166-1 numeric","ISO 3166-1:2020"
"NP","524","ISO-3166-1 numeric","ISO 3166-1:2020"
"NL","528","ISO-3166-1 numeric","ISO 3166-1:2020"
"NC","540","ISO-3166-1 numeric","ISO 3166-1:2020"
"NZ","554","ISO-3166-1 numeric","ISO 3166-1:2020"
"NI","558","ISO-3166-1 numeric","ISO 3166-1:2020"
"NE","562","ISO-3166-1 numeric","ISO 3166-1:2020"
"NG","566","ISO-3166-1 numeric","ISO 3166-1:2020"
"NU","570","ISO-3166-1 numeric","ISO 3166-1:2020"
"NF","574","ISO-3166-1 numeric","ISO 3166-1:2020"
"MK","807","ISO-3166-1 numeric","ISO 3166-1:2020"
"MP","580","ISO-3166-1 numeric","ISO 3166-1:2020"
"NO","578","ISO-3166-1 numeric","ISO 3166-1:2020"
"OM","512","ISO-3166-1 numeric","ISO 3166-1:2020"
"PK","586","ISO-3166-1 numeric","ISO 3166-1:2020"
"PW","585","ISO-3166-1 numeric","ISO 3166-1:2020"
"PS","275","ISO-3166-1 numeric","ISO 3166-1:2020"
"PA","591","ISO-3166-1 numeric","ISO 3166-1:2020"
"PG","598","ISO-3166-1 numeric","ISO 3166-1:2020"
"PY","600","ISO-3166-1 numeric","ISO 3166-1:2020"
"PE","604","ISO-3166-1 numeric","ISO 3166-1:2020"
"PH","608","ISO-3166-1 numeric","ISO 3166-1:2020"
"PN","612","ISO-3166-1 numeric","ISO 3166-1:2020"
"PL","616","ISO-3166-1 numeric","ISO 3166-1:2020"
"PT","620","ISO-3166-1 numeric","ISO 3166-1:2020"
"PR","630","ISO-3166-1 numeric","ISO 3166-1:2020"
"QA","634","ISO-3166-1 numeric","ISO 3166-1:2020"
"RO","642","ISO-3166-1 numeric","ISO 3166-1:2020"
"RU","643","ISO-3166-1 numeric","ISO 3166-1:2020"
"RW","646","ISO-3166-1 numeric","ISO 3166-1:2020"
"RE","638","ISO-3166-1 numeric","ISO 3166-1:2020"
"BL","652","ISO-3166-1 numeric","ISO 3166-1:2020"
"SH","654","ISO-3166-1 numeric","ISO 3166-1:2020"
"KN","659","ISO-3166-1 numeric","ISO 3166-1:2020"
"LC","662","ISO-3166-1 numeric","ISO 3166-1:2020"
"MF","663","ISO-3166-1 numeric","ISO 3166-1:2020"
"PM","666","ISO-3166-1 numeric","ISO 3166-1:2020"
"VC","670","ISO-3166-1 numeric","ISO 3166-1:2020"
"WS","882","ISO-3166-1 numeric","ISO 3166-1:2020"
"SM","674","ISO-3166-1 numeric","ISO 3166-1:2020"
"ST","678","ISO-3166-1 numeric","ISO 3166-1:2020"
"SA","682","ISO-3166-1 numeric","ISO 3166-1:2020"
"SN","686","ISO-3166-1 numeric","ISO 3166-1:2020"
"RS","688","ISO-3166-1 numeric","ISO 3166-1:2020"
"SC","690","ISO-3166-1 numeric","ISO 3166-1:2020"
"SL","694","ISO-3166-1 numeric","ISO 3166-1:2020"
"SG","702","ISO-3166-1 numeric","ISO 3166-1:2020"
"SX","534","ISO-3166-1 numeric","ISO 3166-1:2020"
"SK","703","ISO-3166-1 numeric","ISO 3166-1:2020"
"SI","705","ISO-3166-1 numeric","ISO 3166-1:2020"
"SB","090","ISO-3166-1 numeric","ISO 3166-1:2020"
"SO","706","ISO-3166-1 numeric","ISO 3166-1:2020"
"ZA","710","ISO-3166-1 numeric","ISO 3166-1:2020"
"GS","239","ISO-3166-1 numeric","ISO 3166-1:2020"
"SS","728","ISO-3166-1 numeric","ISO 3166-1:2020"
"ES","724","ISO-3166-1 numeric","ISO 3166-1:2020"
"LK","144","ISO-3166-1 numeric","ISO 3166-1:2020"
"SD","729","ISO-3166-1 numeric","ISO 3166-1:2020"
"SR","740","ISO-3166-1 numeric","ISO 3166-1:2020"
"SJ","744","ISO-3166-1 numeric","ISO 3166-1:2020"
"SE","752","ISO-3166-1 numeric","ISO 3166-1:2020"
"CH","756","ISO-3166-1 numeric","ISO 3166-1:2020"
"SY","760","ISO-3166-1 numeric","ISO 3166-1:2020"
"TW","158","ISO-3166-1 numeric","ISO 3166-1:2020"
"TJ","762","ISO-3166-1 numeric","ISO 3166-1:2020"
"TZ","834","ISO-3166-1 numeric","ISO 3166-1:2020"
"TH","764","ISO-3166-1 numeric","ISO 3166-1:2020"
"TL","626","ISO-3166-1 numeric","ISO 3166-1:2020"
"TG","768","ISO-3166-1 numeric","ISO 3166-1:2020"
"TK","772","ISO-3166-1 numeric","ISO 3166-1:2020"
"TO","776","ISO-3166-1 numeric","ISO 3166-1:2020"
"TT","780","ISO-3166-1 numeric","ISO 3166-1:2020"
"TN","788","ISO-3166-1 numeric","ISO 3166-1:2020"
"TM","795","ISO-3166-1 numeric","ISO 3166-1:2020"
"TC","796","ISO-3166-1 numeric","ISO 3166-1:2020"
"TV","798","ISO-3166-1 numeric","ISO 3166-1:2020"
"TR","792","ISO-3166-1 numeric","ISO 3166-1:2020"
"UG","800","ISO-3166-1 numeric","ISO 3166-1:2020"
"UA","804","ISO-3166-1 numeric","ISO 3166-1:2020"
"AE","784","ISO-3166-1 numeric","ISO 3166-1:2020"
"GB","826","ISO-3166-1 numeric","ISO 3166-1:2020"
"UM","581","ISO-3166-1 numeric","ISO 3166-1:2020"
"US","840","ISO-3166-1 numeric","ISO 3166-1:2020"
"UY","858","ISO-3166-1 numeric","ISO 3166-1:2020"
"UZ","860","ISO-3166-1 numeric","ISO 3166-1:2020"
"VU","548","ISO-3166-1 numeric","ISO 3166-1:2020"
"VE","862","ISO-3166-1 numeric","ISO 3166-1:2020"
"VN","704","ISO-3166-1 numeric","ISO 3166-1:2020"
"VG","092","ISO-3166-1 numeric","ISO 3166-1:2020"
"VI","850","ISO-3166-1 numeric","ISO 3166-1:2020"
"WF","876","ISO-3166-1 numeric","ISO 3166-1:2020"
"EH","732","ISO-3166-1 numeric","ISO 3166-1:2020"
"YE","887","ISO-3166-1 numeric","ISO 3166-1:2020"
"ZM","894","ISO-3166-1 numeric","ISO 3166-1:2020"
"ZW","716","ISO-3166-1 numeric","ISO 3166-1:2020"
"AF","AF","ISO-3166-1 alpha-2","ISO 3166-1:2020"
"AL","AL","ISO-3166-1 alpha-2","ISO 3166-1:2020"
"DZ","DZ","ISO-3166-1 alpha-2","ISO 3166-1:2020"
"AS","AS","ISO-3166-1 alpha-2","ISO 3166-1:2020"
"AD","AD","ISO-3166-1 alpha-2","ISO 3166-1:2020"
"AO","AO","ISO-3166-1 alpha-2","ISO 3166-1:2020"
"AI","AI","ISO-3166-1 alpha-2","ISO 3166-1:2020"
"AQ","AQ","ISO-3166-1 alpha-2","ISO 3166-1:2020"
"AG","AG","ISO-3166-1 alpha-2","ISO 3166-1:2020"
"AR","AR","ISO-3166-1 alpha-2","ISO 3166-1:2020"
"AM","AM","ISO-3166-1 alpha-2","ISO 3166-1:2020"
"AW","AW","ISO-3166-1 alpha-2","ISO 3166-1:2020"
"AU","AU","ISO-3166-1 alpha-2","ISO 3166-1:2020"
"AT","AT","ISO-3166-1 alpha-2","ISO 3166-1:2020"
"AZ","AZ","ISO-3166-1 alpha-2","ISO 3166-1:2020"
"BS","BS","ISO-3166-1 alpha-2","ISO 3166-1:2020"
"BH","BH","ISO-3166-1 alpha-2","ISO 3166-1:2020"
"BD","BD","ISO-3166-1 alpha-2","ISO 3166-1:2020"
"BB","BB","ISO-3166-1 alpha-2","ISO 3166-1:2020"
"BY","BY","ISO-3166-1 alpha-2","ISO 3166-1:2020"
"BE","BE","ISO-3166-1 alpha-2","ISO 3166-1:2020"
"BZ","BZ","ISO-3166-1 alpha-2","ISO 3166-1:2020"
"BJ","BJ","ISO-3166-1 alpha-2","ISO 3166-1:2020"
"BM","BM","ISO-3166-1 alpha-2","ISO 3166-1:2020"
"AX","AX","ISO-3166-1 alpha-2","ISO 3166-1:2020"
"BT","BT","ISO-3166-1 alpha-2","ISO 3166-1:2020"
"BO","BO","ISO-3166-1 alpha-2","ISO 3166-1:2020"
"BQ","BQ","ISO-3166-1 alpha-2","ISO 3166-1:2020"
"BA","BA","ISO-3166-1 alpha-2","ISO 3166-1:2020"
"BW","BW","ISO-3166-1 alpha-2","ISO 3166-1:2020"
"BV","BV","ISO-3166-1 alpha-2","ISO 3166-1:2020"
"BR","BR","ISO-3166-1 alpha-2","ISO 3166-1:2020"
"IO","IO","ISO-3166-1 alpha-2","ISO 3166-1:2020"
"BN","BN","ISO-3166-1 alpha-2","ISO 3166-1:2020"
"BG","BG","ISO-3166-1 alpha-2","ISO 3166-1:2020"
"BF","BF","ISO-3166-1 alpha-2","ISO 3166-1:2020"
"BI","BI","ISO-3166-1 alpha-2","ISO 3166-1:2020"
"CV","CV","ISO-3166-1 alpha-2","ISO 3166-1:2020"
"KH","KH","ISO-3166-1 alpha-2","ISO 3166-1:2020"
"CM","CM","ISO-3166-1 alpha-2","ISO 3166-1:2020"
"CA","CA","ISO-3166-1 alpha-2","ISO 3166-1:2020"
"KY","KY","ISO-3166-1 alpha-2","ISO 3166-1:2020"
"CF","CF","ISO-3166-1 alpha-2","ISO 3166-1:2020"
"TD","TD","ISO-3166-1 alpha-2","ISO 3166-1:2020"
"CL","CL","ISO-3166-1 alpha-2","ISO 3166-1:2020"
"CN","CN","ISO-3166-1 alpha-2","ISO 3166-1:2020"
"CX","CX","ISO-3166-1 alpha-2","ISO 3166-1:2020"
"CC","CC","ISO-3166-1 alpha-2","ISO 3166-1:2020"
"CO","CO","ISO-3166-1 alpha-2","ISO 3166-1:2020"
"KM","KM","ISO-3166-1 alpha-2","ISO 3166-1:2020"
"CD","CD","ISO-3166-1 alpha-2","ISO 3166-1:2020"
"CG","CG","ISO-3166-1 alpha-2","ISO 3166-1:2020"
"CK","CK","ISO-3166-1 alpha-2","ISO 3166-1:2020"
"CR","CR","ISO-3166-1 alpha-2","ISO 3166-1:2020"
"HR","HR","ISO-3166-1 alpha-2","ISO 3166-1:2020"
"CU","CU","ISO-3166-1 alpha-2","ISO 3166-1:2020"
"CW","CW","ISO-3166-1 alpha-2","ISO 3166-1:2020"
"CY","CY","ISO-3166-1 alpha-2","ISO 3166-1:2020"
"CZ","CZ","ISO-3166-1 alpha-2","ISO 3166-1:2020"
"CI","CI","ISO-3166-1 alpha-2","ISO 3166-1:2020"
"DK","DK","ISO-3166-1 alpha-2","ISO 3166-1:2020"
"DJ","DJ","ISO-3166-1 alpha-2","ISO 3166-1:2020"
"DM","DM","ISO-3166-1 alpha-2","ISO 3166-1:2020"
"DO","DO","ISO-3166-1 alpha-2","ISO 3166-1:2020"
"EC","EC","ISO-3166-1 alpha-2","ISO 3166-1:2020"
"EG","EG","ISO-3166-1 alpha-2","ISO 3166-1:2020"
"SV","SV","ISO-3166-1 alpha-2","ISO 3166-1:2020"
"GQ","GQ","ISO-3166-1 alpha-2","ISO 3166-1:2020"
"ER","ER","ISO-3166-1 alpha-2","ISO 3166-1:2020"
"EE","EE","ISO-3166-1 alpha-2","ISO 3166-1:2020"
"SZ","SZ","ISO-3166-1 alpha-2","ISO 3166-1:2020"
"ET","ET","ISO-3166-1 alpha-2","ISO 3166-1:2020"
"FK","FK","ISO-3166-1 alpha-2","ISO 3166-1:2020"
"FO","FO","ISO-3166-1 alpha-2","ISO 3166-1:2020"
"FJ","FJ","ISO-3166-1 alpha-2","ISO 3166-1:2020"
"FI","FI","ISO-3166-1 alpha-2","ISO 3166-1:2020"
"FR","FR","ISO-3166-1 alpha-2","ISO 3166-1:2020"
"GF","GF","ISO-3166-1 alpha-2","ISO 3166-1:2020"
"PF","PF","ISO-3166-1 alpha-2","ISO 3166-1:2020"
"TF","TF","ISO-3166-1 alpha-2","ISO 3166-1:2020"
"GA","GA","ISO-3166-1 alpha-2","ISO 3166-1:2020"
"GM","GM","ISO-3166-1 alpha-2","ISO 3166-1:2020"
"GE","GE","ISO-3166-1 alpha-2","ISO 3166-1:2020"
"DE","DE","ISO-3166-1 alpha-2","ISO 3166-1:2020"
"GH","GH","ISO-3166-1 alpha-2","ISO 3166-1:2020"
"GI","GI","ISO-3166-1 alpha-2","ISO 3166-1:2020"
"GR","GR","ISO-3166-1 alpha-2","ISO 3166-1:2020"
"GL","GL","ISO-3166-1 alpha-2","ISO 3166-1:2020"
"GD","GD","ISO-3166-1 alpha-2","ISO 3166-1:2020"
"GP","GP","ISO-3166-1 alpha-2","ISO 3166-1:2020"
"GU","GU","ISO-3166-1 alpha-2","ISO 3166-1:2020"
"GT","GT","ISO-3166-1 alpha-2","ISO 3166-1:2020"
"GG","GG","ISO-3166-1 alpha-2","ISO 3166-1:2020"
"GN","GN","ISO-3166-1 alpha-2","ISO 3166-1:2020"
"GW","GW","ISO-3166-1 alpha-2","ISO 3166-1:2020"
"GY","GY","ISO-3166-1 alpha-2","ISO 3166-1:2020"
"HT","HT","ISO-3166-1 alpha-2","ISO 3166-1:2020"
"HM","HM","ISO-3166-1 alpha-2","ISO 3166-1:2020"
"VA","VA","ISO-3166-1 alpha-2","ISO 3166-1:2020"
"HN","HN","ISO-3166-1 alpha-2","ISO 3166-1:2020"
"HK","HK","ISO-3166-1 alpha-2","ISO 3166-1:2020"
"HU","HU","ISO-3166-1 alpha-2","ISO 3166-1:2020"
"IS","IS","ISO-3166-1 alpha-2","ISO 3166-1:2020"
"IN","IN","ISO-3166-1 alpha-2","ISO 3166-1:2020"
"ID","ID","ISO-3166-1 alpha-2","ISO 3166-1:2020"
"IR","IR","ISO-3166-1 alpha-2","ISO 3166-1:2020"
"IQ","IQ","ISO-3166-1 alpha-2","ISO 3166-1:2020"
"IE","IE","ISO-3166-1 alpha-2","ISO 3166-1:2020"
"IM","IM","ISO-3166-1 alpha-2","ISO 3166-1:2020"
"IL","IL","ISO-3166-1 alpha-2","ISO 3166-1:2020"
"IT","IT","ISO-3166-1 alpha-2","ISO 3166-1:2020"
"JM","JM","ISO-3166-1 alpha-2","ISO 3166-1:2020"
"JP","JP","ISO-3166-1 alpha-2","ISO 3166-1:2020"
"JE","JE","ISO-3166-1 alpha-2","ISO 3166-1:2020"
"JO","JO","ISO-3166-1 alpha-2","ISO 3166-1:2020"
"KZ","KZ","ISO-3166-1 alpha-2","ISO 3166-1:2020"
"KE","KE","ISO-3166-1 alpha-2","ISO 3166-1:2020"
"KI","KI","ISO-3166-1 alpha-2","ISO 3166-1:2020"
"KP","KP","ISO-3166-1 alpha-2","ISO 3166-1:2020"
"KR","KR","ISO-3166-1 alpha-2","ISO 3166-1:2020"
"KW","KW","ISO-3166-1 alpha-2","ISO 3166-1:2020"
"KG","KG","ISO-3166-1 alpha-2","ISO 3166-1:2020"
"LA","LA","ISO-3166-1 alpha-2","ISO 3166-1:2020"
"LV","LV","ISO-3166-1 alpha-2","ISO 3166-1:2020"
"LB","LB","ISO-3166-1 alpha-2","ISO 3166-1:2020"
"LS","LS","ISO-3166-1 alpha-2","ISO 3166-1:2020"
"LR","LR","ISO-3166-1 alpha-2","ISO 3166-1:2020"
"LY","LY","ISO-3166-1 alpha-2","ISO 3166-1:2020"
"LI","LI","ISO-3166-1 alpha-2","ISO 3166-1:2020"
"LT","LT","ISO-3166-1 alpha-2","ISO 3166-1:2020"
"LU","LU","ISO-3166-1 alpha-2","ISO 3166-1:2020"
"MO","MO","ISO-3166-1 alpha-2","ISO 3166-1:2020"
"MG","MG","ISO-3166-1 alpha-2","ISO 3166-1:2020"
"MW","MW","ISO-3166-1 alpha-2","ISO 3166-1:2020"
"MY","MY","ISO-3166-1 alpha-2","ISO 3166-1:2020"
"MV","MV","ISO-3166-1 alpha-2","ISO 3166-1:2020"
"ML","ML","ISO-3166-1 alpha-2","ISO 3166-1:2020"
"MT","MT","ISO-3166-1 alpha-2","ISO 3166-1:2020"
"MH","MH","ISO-3166-1 alpha-2","ISO 3166-1:2020"
"MQ","MQ","ISO-3166-1 alpha-2","ISO 3166-1:2020"
"MR","MR","ISO-3166-1 alpha-2","ISO 3166-1:2020"
"MU","MU","ISO-3166-1 alpha-2","ISO 3166-1:2020"
"YT","YT","ISO-3166-1 alpha-2","ISO 3166-1:2020"
"MX","MX","ISO-3166-1 alpha-2","ISO 3166-1:2020"
"FM","FM","ISO-3166-1 alpha-2","ISO 3166-1:2020"
"MD","MD","ISO-3166-1 alpha-2","ISO 3166-1:2020"
"MC","MC","ISO-3166-1 alpha-2","ISO 3166-1:2020"
"MN","MN","ISO-3166-1 alpha-2","ISO 3166-1:2020"
"ME","ME","ISO-3166-1 alpha-2","ISO 3166-1:2020"
"MS","MS","ISO-3166-1 alpha-2","ISO 3166-1:2020"
"MA","MA","ISO-3166-1 alpha-2","ISO 3166-1:2020"
"MZ","MZ","ISO-3166-1 alpha-2","ISO 3166-1:2020"
"MM","MM","ISO-3166-1 alpha-2","ISO 3166-1:2020"
"NA","NA","ISO-3166-1 alpha-2","ISO 3166-1:2020"
"NR","NR","ISO-3166-1 alpha-2","ISO 3166-1:2020"
"NP","NP","ISO-3166-1 alpha-2","ISO 3166-1:2020"
"NL","NL","ISO-3166-1 alpha-2","ISO 3166-1:2020"
"NC","NC","ISO-3166-1 alpha-2","ISO 3166-1:2020"
"NZ","NZ","ISO-3166-1 alpha-2","ISO 3166-1:2020"
"NI","NI","ISO-3166-1 alpha-2","ISO 3166-1:2020"
"NE","NE","ISO-3166-1 alpha-2","ISO 3166-1:2020"
"NG","NG","ISO-3166-1 alpha-2","ISO 3166-1:2020"
"NU","NU","ISO-3166-1 alpha-2","ISO 3166-1:2020"
"NF","NF","ISO-3166-1 alpha-2","ISO 3166-1:2020"
"MK","MK","ISO-3166-1 alpha-2","ISO 3166-1:2020"
"MP","MP","ISO-3166-1 alpha-2","ISO 3166-1:2020"
"NO","NO","ISO-3166-1 alpha-2","ISO 3166-1:2020"
"OM","OM","ISO-3166-1 alpha-2","ISO 3166-1:2020"
"PK","PK","ISO-3166-1 alpha-2","ISO 3166-1:2020"
"PW","PW","ISO-3166-1 alpha-2","ISO 3166-1:2020"
"PS","PS","ISO-3166-1 alpha-2","ISO 3166-1:2020"
"PA","PA","ISO-3166-1 alpha-2","ISO 3166-1:2020"
"PG","PG","ISO-3166-1 alpha-2","ISO 3166-1:2020"
"PY","PY","ISO-3166-1 alpha-2","ISO 3166-1:2020"
"PE","PE","ISO-3166-1 alpha-2","ISO 3166-1:2020"
"PH","PH","ISO-3166-1 alpha-2","ISO 3166-1:2020"
"PN","PN","ISO-3166-1 alpha-2","ISO 3166-1:2020"
"PL","PL","ISO-3166-1 alpha-2","ISO 3166-1:2020"
"PT","PT","ISO-3166-1 alpha-2","ISO 3166-1:2020"
"PR","PR","ISO-3166-1 alpha-2","ISO 3166-1:2020"
"QA","QA","ISO-3166-1 alpha-2","ISO 3166-1:2020"
"RO","RO","ISO-3166-1 alpha-2","ISO 3166-1:2020"
"RU","RU","ISO-3166-1 alpha-2","ISO 3166-1:2020"
"RW","RW","ISO-3166-1 alpha-2","ISO 3166-1:2020"
"RE","RE","ISO-3166-1 alpha-2","ISO 3166-1:2020"
"BL","BL","ISO-3166-1 alpha-2","ISO 3166-1:2020"
"SH","SH","ISO-3166-1 alpha-2","ISO 3166-1:2020"
"KN","KN","ISO-3166-1 alpha-2","ISO 3166-1:2020"
"LC","LC","ISO-3166-1 alpha-2","ISO 3166-1:2020"
"MF","MF","ISO-3166-1 alpha-2","ISO 3166-1:2020"
"PM","PM","ISO-3166-1 alpha-2","ISO 3166-1:2020"
"VC","VC","ISO-3166-1 alpha-2","ISO 3166-1:2020"
"WS","WS","ISO-3166-1 alpha-2","ISO 3166-1:2020"
"SM","SM","ISO-3166-1 alpha-2","ISO 3166-1:2020"
"ST","ST","ISO-3166-1 alpha-2","ISO 3166-1:2020"
"SA","SA","ISO-3166-1 alpha-2","ISO 3166-1:2020"
"SN","SN","ISO-3166-1 alpha-2","ISO 3166-1:2020"
"RS","RS","ISO-3166-1 alpha-2","ISO 3166-1:2020"
"SC","SC","ISO-3166-1 alpha-2","ISO 3166-1:2020"
"SL","SL","ISO-3166-1 alpha-2","ISO 3166-1:2020"
"SG","SG","ISO-3166-1 alpha-2","ISO 3166-1:2020"
"SX","SX","ISO-3166-1 alpha-2","ISO 3166-1:2020"
"SK","SK","ISO-3166-1 alpha-2","ISO 3166-1:2020"
"SI","SI","ISO-3166-1 alpha-2","ISO 3166-1:2020"
"SB","SB","ISO-3166-1 alpha-2","ISO 3166-1:2020"
"SO","SO","ISO-3166-1 alpha-2","ISO 3166-1:2020"
"ZA","ZA","ISO-3166-1 alpha-2","ISO 3166-1:2020"
"GS","GS","ISO-3166-1 alpha-2","ISO 3166-1:2020"
"SS","SS","ISO-3166-1 alpha-2","ISO 3166-1:2020"
"ES","ES","ISO-3166-1 alpha-2","ISO 3166-1:2020"
"LK","LK","ISO-3166-1 alpha-2","ISO 3166-1:2020"
"SD","SD","ISO-3166-1 alpha-2","ISO 3166-1:2020"
"SR","SR","ISO-3166-1 alpha-2","ISO 3166-1:2020"
"SJ","SJ","ISO-3166-1 alpha-2","ISO 3166-1:2020"
"SE","SE","ISO-3166-1 alpha-2","ISO 3166-1:2020"
"CH","CH","ISO-3166-1 alpha-2","ISO 3166-1:2020"
"SY","SY","ISO-3166-1 alpha-2","ISO 3166-1:2020"
"TW","TW","ISO-3166-1 alpha-2","ISO 3166-1:2020"
"TJ","TJ","ISO-3166-1 alpha-2","ISO 3166-1:2020"
"TZ","TZ","ISO-3166-1 alpha-2","ISO 3166-1:2020"
"TH","TH","ISO-3166-1 alpha-2","ISO 3166-1:2020"
"TL","TL","ISO-3166-1 alpha-2","ISO 3166-1:2020"
"TG","TG","ISO-3166-1 alpha-2","ISO 3166-1:2020"
"TK","TK","ISO-3166-1 alpha-2","ISO 3166-1:2020"
"TO","TO","ISO-3166-1 alpha-2","ISO 3166-1:2020"
"TT","TT","ISO-3166-1 alpha-2","ISO 3166-1:2020"
"TN","TN","ISO-3166-1 alpha-2","ISO 3166-1:2020"
"TM","TM","ISO-3166-1 alpha-2","ISO 3166-1:2020"
"TC","TC","ISO-3166-1 alpha-2","ISO 3166-1:2020"
"TV","TV","ISO-3166-1 alpha-2","ISO 3166-1:2020"
"TR","TR","ISO-3166-1 alpha-2","ISO 3166-1:2020"
"UG","UG","ISO-3166-1 alpha-2","ISO 3166-1:2020"
"UA","UA","ISO-3166-1 alpha-2","ISO 3166-1:2020"
"AE","AE","ISO-3166-1 alpha-2","ISO 3166-1:2020"
"GB","GB","ISO-3166-1 alpha-2","ISO 3166-1:2020"
"UM","UM","ISO-3166-1 alpha-2","ISO 3166-1:2020"
"US","US","ISO-3166-1 alpha-2","ISO 3166-1:2020"
"UY","UY","ISO-3166-1 alpha-2","ISO 3166-1:2020"
"UZ","UZ","ISO-3166-1 alpha-2","ISO 3166-1:2020"
"VU","VU","ISO-3166-1 alpha-2","ISO 3166-1:2020"
"VE","VE","ISO-3166-1 alpha-2","ISO 3166-1:2020"
"VN","VN","ISO-3166-1 alpha-2","ISO 3166-1:2020"
"VG","VG","ISO-3166-1 alpha-2","ISO 3166-1:2020"
"VI","VI","ISO-3166-1 alpha-2","ISO 3166-1:2020"
"WF","WF","ISO-3166-1 alpha-2","ISO 3166-1:2020"
"EH","EH","ISO-3166-1 alpha-2","ISO 3166-1:2020"
"YE","YE","ISO-3166-1 alpha-2","ISO 3166-1:2020"
"ZM","ZM","ISO-3166-1 alpha-2","ISO 3166-1:2020"
"ZW","ZW","ISO-3166-1 alpha-2","ISO 3166-1:2020"
