"actor_id","name","type","is_part_of","datasource_id"
"EARTH","Earth","planet",,
"AF","Afghanistan","country","EARTH","ISO 3166-1:2020"
"AL","Albania","country","EARTH","ISO 3166-1:2020"
"DZ","Algeria","country","EARTH","ISO 3166-1:2020"
"AS","American Samoa","country","EARTH","ISO 3166-1:2020"
"AD","Andorra","country","EARTH","ISO 3166-1:2020"
"AO","Angola","country","EARTH","ISO 3166-1:2020"
"AI","Anguilla","country","EARTH","ISO 3166-1:2020"
"AQ","Antarctica","country","EARTH","ISO 3166-1:2020"
"AG","Antigua and Barbuda","country","EARTH","ISO 3166-1:2020"
"AR","Argentina","country","EARTH","ISO 3166-1:2020"
"AM","Armenia","country","EARTH","ISO 3166-1:2020"
"AW","Aruba","country","EARTH","ISO 3166-1:2020"
"AU","Australia","country","EARTH","ISO 3166-1:2020"
"AT","Austria","country","EARTH","ISO 3166-1:2020"
"AZ","Azerbaijan","country","EARTH","ISO 3166-1:2020"
"BS","Bahamas (the)","country","EARTH","ISO 3166-1:2020"
"BH","Bahrain","country","EARTH","ISO 3166-1:2020"
"BD","Bangladesh","country","EARTH","ISO 3166-1:2020"
"BB","Barbados","country","EARTH","ISO 3166-1:2020"
"BY","Belarus","country","EARTH","ISO 3166-1:2020"
"BE","Belgium","country","EARTH","ISO 3166-1:2020"
"BZ","Belize","country","EARTH","ISO 3166-1:2020"
"BJ","Benin","country","EARTH","ISO 3166-1:2020"
"BM","Bermuda","country","EARTH","ISO 3166-1:2020"
"AX","Åland Islands","country","EARTH","ISO 3166-1:2020"
"BT","Bhutan","country","EARTH","ISO 3166-1:2020"
"BO","Bolivia (Plurinational State of)","country","EARTH","ISO 3166-1:2020"
"BQ","Bonaire, Sint Eustatius and Saba","country","EARTH","ISO 3166-1:2020"
"BA","Bosnia and Herzegovina","country","EARTH","ISO 3166-1:2020"
"BW","Botswana","country","EARTH","ISO 3166-1:2020"
"BV","Bouvet Island","country","EARTH","ISO 3166-1:2020"
"BR","Brazil","country","EARTH","ISO 3166-1:2020"
"IO","British Indian Ocean Territory (the)","country","EARTH","ISO 3166-1:2020"
"BN","Brunei Darussalam","country","EARTH","ISO 3166-1:2020"
"BG","Bulgaria","country","EARTH","ISO 3166-1:2020"
"BF","Burkina Faso","country","EARTH","ISO 3166-1:2020"
"BI","Burundi","country","EARTH","ISO 3166-1:2020"
"CV","Cabo Verde","country","EARTH","ISO 3166-1:2020"
"KH","Cambodia","country","EARTH","ISO 3166-1:2020"
"CM","Cameroon","country","EARTH","ISO 3166-1:2020"
"CA","Canada","country","EARTH","ISO 3166-1:2020"
"KY","Cayman Islands (the)","country","EARTH","ISO 3166-1:2020"
"CF","Central African Republic (the)","country","EARTH","ISO 3166-1:2020"
"TD","Chad","country","EARTH","ISO 3166-1:2020"
"CL","Chile","country","EARTH","ISO 3166-1:2020"
"CN","China","country","EARTH","ISO 3166-1:2020"
"CX","Christmas Island","country","EARTH","ISO 3166-1:2020"
"CC","Cocos (Keeling) Islands (the)","country","EARTH","ISO 3166-1:2020"
"CO","Colombia","country","EARTH","ISO 3166-1:2020"
"KM","Comoros (the)","country","EARTH","ISO 3166-1:2020"
"CD","Congo (the Democratic Republic of the)","country","EARTH","ISO 3166-1:2020"
"CG","Congo (the)","country","EARTH","ISO 3166-1:2020"
"CK","Cook Islands (the)","country","EARTH","ISO 3166-1:2020"
"CR","Costa Rica","country","EARTH","ISO 3166-1:2020"
"HR","Croatia","country","EARTH","ISO 3166-1:2020"
"CU","Cuba","country","EARTH","ISO 3166-1:2020"
"CW","Curaçao","country","EARTH","ISO 3166-1:2020"
"CY","Cyprus","country","EARTH","ISO 3166-1:2020"
"CZ","Czechia","country","EARTH","ISO 3166-1:2020"
"CI","Côte d'Ivoire","country","EARTH","ISO 3166-1:2020"
"DK","Denmark","country","EARTH","ISO 3166-1:2020"
"DJ","Djibouti","country","EARTH","ISO 3166-1:2020"
"DM","Dominica","country","EARTH","ISO 3166-1:2020"
"DO","Dominican Republic (the)","country","EARTH","ISO 3166-1:2020"
"EC","Ecuador","country","EARTH","ISO 3166-1:2020"
"EG","Egypt","country","EARTH","ISO 3166-1:2020"
"SV","El Salvador","country","EARTH","ISO 3166-1:2020"
"GQ","Equatorial Guinea","country","EARTH","ISO 3166-1:2020"
"ER","Eritrea","country","EARTH","ISO 3166-1:2020"
"EE","Estonia","country","EARTH","ISO 3166-1:2020"
"SZ","Eswatini","country","EARTH","ISO 3166-1:2020"
"ET","Ethiopia","country","EARTH","ISO 3166-1:2020"
"FK","Falkland Islands (the) [Malvinas]","country","EARTH","ISO 3166-1:2020"
"FO","Faroe Islands (the)","country","EARTH","ISO 3166-1:2020"
"FJ","Fiji","country","EARTH","ISO 3166-1:2020"
"FI","Finland","country","EARTH","ISO 3166-1:2020"
"FR","France","country","EARTH","ISO 3166-1:2020"
"GF","French Guiana","country","EARTH","ISO 3166-1:2020"
"PF","French Polynesia","country","EARTH","ISO 3166-1:2020"
"TF","French Southern Territories (the)","country","EARTH","ISO 3166-1:2020"
"GA","Gabon","country","EARTH","ISO 3166-1:2020"
"GM","Gambia (the)","country","EARTH","ISO 3166-1:2020"
"GE","Georgia","country","EARTH","ISO 3166-1:2020"
"DE","Germany","country","EARTH","ISO 3166-1:2020"
"GH","Ghana","country","EARTH","ISO 3166-1:2020"
"GI","Gibraltar","country","EARTH","ISO 3166-1:2020"
"GR","Greece","country","EARTH","ISO 3166-1:2020"
"GL","Greenland","country","EARTH","ISO 3166-1:2020"
"GD","Grenada","country","EARTH","ISO 3166-1:2020"
"GP","Guadeloupe","country","EARTH","ISO 3166-1:2020"
"GU","Guam","country","EARTH","ISO 3166-1:2020"
"GT","Guatemala","country","EARTH","ISO 3166-1:2020"
"GG","Guernsey","country","EARTH","ISO 3166-1:2020"
"GN","Guinea","country","EARTH","ISO 3166-1:2020"
"GW","Guinea-Bissau","country","EARTH","ISO 3166-1:2020"
"GY","Guyana","country","EARTH","ISO 3166-1:2020"
"HT","Haiti","country","EARTH","ISO 3166-1:2020"
"HM","Heard Island and McDonald Islands","country","EARTH","ISO 3166-1:2020"
"VA","Holy See (the)","country","EARTH","ISO 3166-1:2020"
"HN","Honduras","country","EARTH","ISO 3166-1:2020"
"HK","Hong Kong","country","EARTH","ISO 3166-1:2020"
"HU","Hungary","country","EARTH","ISO 3166-1:2020"
"IS","Iceland","country","EARTH","ISO 3166-1:2020"
"IN","India","country","EARTH","ISO 3166-1:2020"
"ID","Indonesia","country","EARTH","ISO 3166-1:2020"
"IR","Iran (Islamic Republic of)","country","EARTH","ISO 3166-1:2020"
"IQ","Iraq","country","EARTH","ISO 3166-1:2020"
"IE","Ireland","country","EARTH","ISO 3166-1:2020"
"IM","Isle of Man","country","EARTH","ISO 3166-1:2020"
"IL","Israel","country","EARTH","ISO 3166-1:2020"
"IT","Italy","country","EARTH","ISO 3166-1:2020"
"JM","Jamaica","country","EARTH","ISO 3166-1:2020"
"JP","Japan","country","EARTH","ISO 3166-1:2020"
"JE","Jersey","country","EARTH","ISO 3166-1:2020"
"JO","Jordan","country","EARTH","ISO 3166-1:2020"
"KZ","Kazakhstan","country","EARTH","ISO 3166-1:2020"
"KE","Kenya","country","EARTH","ISO 3166-1:2020"
"KI","Kiribati","country","EARTH","ISO 3166-1:2020"
"KP","Korea (the Democratic People's Republic of)","country","EARTH","ISO 3166-1:2020"
"KR","Korea (the Republic of)","country","EARTH","ISO 3166-1:2020"
"KW","Kuwait","country","EARTH","ISO 3166-1:2020"
"KG","Kyrgyzstan","country","EARTH","ISO 3166-1:2020"
"LA","Lao People's Democratic Republic (the)","country","EARTH","ISO 3166-1:2020"
"LV","Latvia","country","EARTH","ISO 3166-1:2020"
"LB","Lebanon","country","EARTH","ISO 3166-1:2020"
"LS","Lesotho","country","EARTH","ISO 3166-1:2020"
"LR","Liberia","country","EARTH","ISO 3166-1:2020"
"LY","Libya","country","EARTH","ISO 3166-1:2020"
"LI","Liechtenstein","country","EARTH","ISO 3166-1:2020"
"LT","Lithuania","country","EARTH","ISO 3166-1:2020"
"LU","Luxembourg","country","EARTH","ISO 3166-1:2020"
"MO","Macao","country","EARTH","ISO 3166-1:2020"
"MG","Madagascar","country","EARTH","ISO 3166-1:2020"
"MW","Malawi","country","EARTH","ISO 3166-1:2020"
"MY","Malaysia","country","EARTH","ISO 3166-1:2020"
"MV","Maldives","country","EARTH","ISO 3166-1:2020"
"ML","Mali","country","EARTH","ISO 3166-1:2020"
"MT","Malta","country","EARTH","ISO 3166-1:2020"
"MH","Marshall Islands (the)","country","EARTH","ISO 3166-1:2020"
"MQ","Martinique","country","EARTH","ISO 3166-1:2020"
"MR","Mauritania","country","EARTH","ISO 3166-1:2020"
"MU","Mauritius","country","EARTH","ISO 3166-1:2020"
"YT","Mayotte","country","EARTH","ISO 3166-1:2020"
"MX","Mexico","country","EARTH","ISO 3166-1:2020"
"FM","Micronesia (Federated States of)","country","EARTH","ISO 3166-1:2020"
"MD","Moldova (the Republic of)","country","EARTH","ISO 3166-1:2020"
"MC","Monaco","country","EARTH","ISO 3166-1:2020"
"MN","Mongolia","country","EARTH","ISO 3166-1:2020"
"ME","Montenegro","country","EARTH","ISO 3166-1:2020"
"MS","Montserrat","country","EARTH","ISO 3166-1:2020"
"MA","Morocco","country","EARTH","ISO 3166-1:2020"
"MZ","Mozambique","country","EARTH","ISO 3166-1:2020"
"MM","Myanmar","country","EARTH","ISO 3166-1:2020"
"NA","Namibia","country","EARTH","ISO 3166-1:2020"
"NR","Nauru","country","EARTH","ISO 3166-1:2020"
"NP","Nepal","country","EARTH","ISO 3166-1:2020"
"NL","Netherlands (the)","country","EARTH","ISO 3166-1:2020"
"NC","New Caledonia","country","EARTH","ISO 3166-1:2020"
"NZ","New Zealand","country","EARTH","ISO 3166-1:2020"
"NI","Nicaragua","country","EARTH","ISO 3166-1:2020"
"NE","Niger (the)","country","EARTH","ISO 3166-1:2020"
"NG","Nigeria","country","EARTH","ISO 3166-1:2020"
"NU","Niue","country","EARTH","ISO 3166-1:2020"
"NF","Norfolk Island","country","EARTH","ISO 3166-1:2020"
"MK","North Macedonia","country","EARTH","ISO 3166-1:2020"
"MP","Northern Mariana Islands (the)","country","EARTH","ISO 3166-1:2020"
"NO","Norway","country","EARTH","ISO 3166-1:2020"
"OM","Oman","country","EARTH","ISO 3166-1:2020"
"PK","Pakistan","country","EARTH","ISO 3166-1:2020"
"PW","Palau","country","EARTH","ISO 3166-1:2020"
"PS","Palestine, State of","country","EARTH","ISO 3166-1:2020"
"PA","Panama","country","EARTH","ISO 3166-1:2020"
"PG","Papua New Guinea","country","EARTH","ISO 3166-1:2020"
"PY","Paraguay","country","EARTH","ISO 3166-1:2020"
"PE","Peru","country","EARTH","ISO 3166-1:2020"
"PH","Philippines (the)","country","EARTH","ISO 3166-1:2020"
"PN","Pitcairn","country","EARTH","ISO 3166-1:2020"
"PL","Poland","country","EARTH","ISO 3166-1:2020"
"PT","Portugal","country","EARTH","ISO 3166-1:2020"
"PR","Puerto Rico","country","EARTH","ISO 3166-1:2020"
"QA","Qatar","country","EARTH","ISO 3166-1:2020"
"RO","Romania","country","EARTH","ISO 3166-1:2020"
"RU","Russian Federation (the)","country","EARTH","ISO 3166-1:2020"
"RW","Rwanda","country","EARTH","ISO 3166-1:2020"
"RE","Réunion","country","EARTH","ISO 3166-1:2020"
"BL","Saint Barthélemy","country","EARTH","ISO 3166-1:2020"
"SH","Saint Helena, Ascension and Tristan da Cunha","country","EARTH","ISO 3166-1:2020"
"KN","Saint Kitts and Nevis","country","EARTH","ISO 3166-1:2020"
"LC","Saint Lucia","country","EARTH","ISO 3166-1:2020"
"MF","Saint Martin (French part)","country","EARTH","ISO 3166-1:2020"
"PM","Saint Pierre and Miquelon","country","EARTH","ISO 3166-1:2020"
"VC","Saint Vincent and the Grenadines","country","EARTH","ISO 3166-1:2020"
"WS","Samoa","country","EARTH","ISO 3166-1:2020"
"SM","San Marino","country","EARTH","ISO 3166-1:2020"
"ST","Sao Tome and Principe","country","EARTH","ISO 3166-1:2020"
"SA","Saudi Arabia","country","EARTH","ISO 3166-1:2020"
"SN","Senegal","country","EARTH","ISO 3166-1:2020"
"RS","Serbia","country","EARTH","ISO 3166-1:2020"
"SC","Seychelles","country","EARTH","ISO 3166-1:2020"
"SL","Sierra Leone","country","EARTH","ISO 3166-1:2020"
"SG","Singapore","country","EARTH","ISO 3166-1:2020"
"SX","Sint Maarten (Dutch part)","country","EARTH","ISO 3166-1:2020"
"SK","Slovakia","country","EARTH","ISO 3166-1:2020"
"SI","Slovenia","country","EARTH","ISO 3166-1:2020"
"SB","Solomon Islands","country","EARTH","ISO 3166-1:2020"
"SO","Somalia","country","EARTH","ISO 3166-1:2020"
"ZA","South Africa","country","EARTH","ISO 3166-1:2020"
"GS","South Georgia and the South Sandwich Islands","country","EARTH","ISO 3166-1:2020"
"SS","South Sudan","country","EARTH","ISO 3166-1:2020"
"ES","Spain","country","EARTH","ISO 3166-1:2020"
"LK","Sri Lanka","country","EARTH","ISO 3166-1:2020"
"SD","Sudan (the)","country","EARTH","ISO 3166-1:2020"
"SR","Suriname","country","EARTH","ISO 3166-1:2020"
"SJ","Svalbard and Jan Mayen","country","EARTH","ISO 3166-1:2020"
"SE","Sweden","country","EARTH","ISO 3166-1:2020"
"CH","Switzerland","country","EARTH","ISO 3166-1:2020"
"SY","Syrian Arab Republic (the)","country","EARTH","ISO 3166-1:2020"
"TW","Taiwan (Province of China)","country","EARTH","ISO 3166-1:2020"
"TJ","Tajikistan","country","EARTH","ISO 3166-1:2020"
"TZ","Tanzania, the United Republic of","country","EARTH","ISO 3166-1:2020"
"TH","Thailand","country","EARTH","ISO 3166-1:2020"
"TL","Timor-Leste","country","EARTH","ISO 3166-1:2020"
"TG","Togo","country","EARTH","ISO 3166-1:2020"
"TK","Tokelau","country","EARTH","ISO 3166-1:2020"
"TO","Tonga","country","EARTH","ISO 3166-1:2020"
"TT","Trinidad and Tobago","country","EARTH","ISO 3166-1:2020"
"TN","Tunisia","country","EARTH","ISO 3166-1:2020"
"TM","Turkmenistan","country","EARTH","ISO 3166-1:2020"
"TC","Turks and Caicos Islands (the)","country","EARTH","ISO 3166-1:2020"
"TV","Tuvalu","country","EARTH","ISO 3166-1:2020"
"TR","Türkiye","country","EARTH","ISO 3166-1:2020"
"UG","Uganda","country","EARTH","ISO 3166-1:2020"
"UA","Ukraine","country","EARTH","ISO 3166-1:2020"
"AE","United Arab Emirates (the)","country","EARTH","ISO 3166-1:2020"
"GB","United Kingdom of Great Britain and Northern Ireland (the)","country","EARTH","ISO 3166-1:2020"
"UM","United States Minor Outlying Islands (the)","country","EARTH","ISO 3166-1:2020"
"US","United States of America (the)","country","EARTH","ISO 3166-1:2020"
"UY","Uruguay","country","EARTH","ISO 3166-1:2020"
"UZ","Uzbekistan","country","EARTH","ISO 3166-1:2020"
"VU","Vanuatu","country","EARTH","ISO 3166-1:2020"
"VE","Venezuela (Bolivarian Republic of)","country","EARTH","ISO 3166-1:2020"
"VN","Viet Nam","country","EARTH","ISO 3166-1:2020"
"VG","Virgin Islands (British)","country","EARTH","ISO 3166-1:2020"
"VI","Virgin Islands (U.S.)","country","EARTH","ISO 3166-1:2020"
"WF","Wallis and Futuna","country","EARTH","ISO 3166-1:2020"
"EH","Western Sahara*","country","EARTH","ISO 3166-1:2020"
"YE","Yemen","country","EARTH","ISO 3166-1:2020"
"ZM","Zambia","country","EARTH","ISO 3166-1:2020"
"ZW","Zimbabwe","country","EARTH","ISO 3166-1:2020"
