"datasource_id","population","year","actor_id"
"CDPCitiesTargets:2021",7333415,2017,"CO BOG"
"CDPCitiesTargets:2021",2835686,2019,"GB MNC"
"CDPCitiesTargets:2021",3464000,2021,"NG ABV"
"CDPCitiesTargets:2021",459403,2020,"ES MJV"
"CDPCitiesTargets:2021",228848,2018,"CO ENV"
"CDPCitiesTargets:2021",796670,2018,"JP KIJ"
"CDPCitiesTargets:2021",1664182,2020,"ES BCN"
"CDPCitiesTargets:2021",7481800,2020,"HK HKG"
"CDPCitiesTargets:2021",418686,2015,"JP TOY"
"CDPCitiesTargets:2021",119455,2021,"IT PSR"
"CDPCitiesTargets:2021",207595,2021,"NO TRD"
"CDPCitiesTargets:2021",125941,2020,"SE LUD"
"CDPCitiesTargets:2021",149280,2020,"SE HEL"
"CDPCitiesTargets:2021",983755,2014,"IT NAP"
"CDPCitiesTargets:2021",983755,2014,"IT NAP"
"CDPCitiesTargets:2021",395780,2021,"GB BOH"
"CDPCitiesTargets:2021",350000,2020,"TR JKS"
"CDPCitiesTargets:2021",222601,2021,"AU WOL"
"CDPCitiesTargets:2021",33334,2020,"SE FKG"
"CDPCitiesTargets:2021",465000,2018,"JP KNZ"
"CDPCitiesTargets:2021",20242,2010,"BR QIA"
"CDPCitiesTargets:2021",9911088,2020,"KR SEL"
"CDPCitiesTargets:2021",29889,2020,"AU ADL"
"CDPCitiesTargets:2021",48320,2020,"TR SFH"
"CDPCitiesTargets:2021",94129,2019,"SE VXO"
"CDPCitiesTargets:2021",185937,2011,"ME TGD"
"CDPCitiesTargets:2021",347398,2020,"CR SJO"
"CDPCitiesTargets:2021",41047,2021,"DK FRE"
"CDPCitiesTargets:2021",107816,2020,"IT BZO"
"CDPCitiesTargets:2021",1476491,2020,"MX ZAP"
"CDPCitiesTargets:2021",86217,2020,"SE KID"
"CDPCitiesTargets:2021",337098,2020,"GB NTG"
"CDPCitiesTargets:2021",540000,2016,"FR NCE"
"CDPCitiesTargets:2021",30472,2016,"BR DIS"
"CDPCitiesTargets:2021",26201,2011,"CR CAS"
"CDPCitiesTargets:2021",9700000,2009,"IN HYD"
"CDPCitiesTargets:2021",2446144,2020,"KR TAE"
"CDPCitiesTargets:2021",1293611,2021,"HN TGU"
"CDPCitiesTargets:2021",53282,2018,"DK HVV"
"CDPCitiesTargets:2021",149280,2020,"SE HEL"
"CDPCitiesTargets:2021",2765932,2020,"TW KHH"
"CDPCitiesTargets:2021",74000,2020,"RO ALI"
"CDPCitiesTargets:2021",335168,2021,"MZ MNC"
"CDPCitiesTargets:2021",255042,2019,"ES VIT"
"CDPCitiesTargets:2021",843810,2020,"ID MLG"
"CDPCitiesTargets:2021",1948626,2020,"BR CWB"
"CDPCitiesTargets:2021",145512,2020,"DE HEI"
"CDPCitiesTargets:2021",329475,2020,"JP KIY"
"CDPCitiesTargets:2021",1175501,2020,"BR CPS"
"CDPCitiesTargets:2021",2602418,2020,"TW TPE"
"CDPCitiesTargets:2021",118532,2021,"JP OQM"
"CDPCitiesTargets:2021",37481,2020,"AU MBA"
"CDPCitiesTargets:2021",6207299,2021,"IN STV"
"CDPCitiesTargets:2021",365437,2020,"IT FLR"
"CDPCitiesTargets:2021",365437,2020,"IT FLR"
"CDPCitiesTargets:2021",7481800,2020,"HK HKG"
"CDPCitiesTargets:2021",2829930,2021,"TW TXG"
"CDPCitiesTargets:2021",6041000,2019,"TZ DAR"
"CDPCitiesTargets:2021",13957977,2021,"JP TYO"
"CDPCitiesTargets:2021",34119,2020,"SE VTA"
"CDPCitiesTargets:2021",277417,2018,"GB SUN"
"CDPCitiesTargets:2021",69262,2020,"DK GLX"
"CDPCitiesTargets:2021",47729,2011,"PT AGU"
"CDPCitiesTargets:2021",26201,2011,"CR CAS"
"CDPCitiesTargets:2021",1653461,2020,"BR REC"
"CDPCitiesTargets:2021",582602,2015,"PH MTI"
"CDPCitiesTargets:2021",127119,2018,"SE UME"
"CDPCitiesTargets:2021",149280,2020,"SE HEL"
"CDPCitiesTargets:2021",56596,2011,"PT EVR"
"CDPCitiesTargets:2021",86217,2020,"SE KID"
"CDPCitiesTargets:2021",78530,2019,"PT TVE"
"CDPCitiesTargets:2021",21338,2017,"AR CEO"
"CDPCitiesTargets:2021",286211,2020,"BR SME"
"CDPCitiesTargets:2021",24000,2017,"CR BLN"
"CDPCitiesTargets:2021",255042,2019,"ES VIT"
"CDPCitiesTargets:2021",24826,2020,"BR CRS"
"CDPCitiesTargets:2021",34119,2020,"SE VTA"
"CDPCitiesTargets:2021",1036738,2020,"KR CHW"
"CDPCitiesTargets:2021",34119,2020,"SE VTA"
"CDPCitiesTargets:2021",329475,2020,"JP KIY"
"CDPCitiesTargets:2021",65333,2017,"PE SDR"
"CDPCitiesTargets:2021",228848,2018,"CO ENV"
"CDPCitiesTargets:2021",228848,2018,"CO ENV"
"CDPCitiesTargets:2021",1653461,2020,"BR REC"
"CDPCitiesTargets:2021",189331,2020,"PT BGZ"
"CDPCitiesTargets:2021",5870000,2020,"ZA JNB"
"CDPCitiesTargets:2021",294464,2021,"SI LJU"
"CDPCitiesTargets:2021",5243392,2020,"MX GDL"
"CDPCitiesTargets:2021",488839,2021,"CO PEI"
"CDPCitiesTargets:2021",86217,2020,"SE KID"
"CDPCitiesTargets:2021",149280,2020,"SE HEL"
"CDPCitiesTargets:2021",56596,2011,"PT EVR"
"CDPCitiesTargets:2021",312722,2015,"DE MHG"
"CDPCitiesTargets:2021",465000,2018,"JP KNZ"
"CDPCitiesTargets:2021",125941,2020,"SE LUD"
"CDPCitiesTargets:2021",495000,2010,"BR FLN"
"CDPCitiesTargets:2021",872497,2021,"NL AMS"
"CDPCitiesTargets:2021",24000,2017,"CR BLN"
"CDPCitiesTargets:2021",811275,2021,"TW PIF"
"CDPCitiesTargets:2021",796670,2018,"JP KIJ"
"CDPCitiesTargets:2021",133262,2021,"IS REY"
"CDPCitiesTargets:2021",1680600,2020,"UG KLA"
"CDPCitiesTargets:2021",872497,2021,"NL AMS"
"CDPCitiesTargets:2021",185937,2011,"ME TGD"
"CDPCitiesTargets:2021",228848,2018,"CO ENV"
"CDPCitiesTargets:2021",544851,2021,"PT LIS"
"CDPCitiesTargets:2021",544851,2021,"PT LIS"
"CDPCitiesTargets:2021",65333,2017,"PE SDR"
"CDPCitiesTargets:2021",145358,2020,"CH LAU"
"CDPCitiesTargets:2021",255,2020,"TR URL"
"CDPCitiesTargets:2021",244969,2020,"PL GDY"
"CDPCitiesTargets:2021",24000,2017,"CR BLN"
"CDPCitiesTargets:2021",1175501,2020,"BR CPS"
"CDPCitiesTargets:2021",2511700,2019,"TR AYT"
"CDPCitiesTargets:2021",463400,2019,"GB BRS"
"CDPCitiesTargets:2021",3769000,2020,"DE BER"
"CDPCitiesTargets:2021",1653461,2020,"BR REC"
"CDPCitiesTargets:2021",62709,2019,"DK HLS"
"CDPCitiesTargets:2021",1392502,2020,"IT MIL"
"CDPCitiesTargets:2021",1392502,2020,"IT MIL"
"CDPCitiesTargets:2021",207595,2021,"NO TRD"
"CDPCitiesTargets:2021",23943,2016,"AR SJO"
"CDPCitiesTargets:2021",198348,2020,"IT PMF"
"CDPCitiesTargets:2021",228848,2018,"CO ENV"
"CDPCitiesTargets:2021",24668,2018,"AR SAO"
"CDPCitiesTargets:2021",505585,2010,"EC CUE"
"CDPCitiesTargets:2021",149280,2020,"SE HEL"
"CDPCitiesTargets:2021",527620,2020,"GB EDI"
"CDPCitiesTargets:2021",1476491,2020,"MX ZAP"
"CDPCitiesTargets:2021",1790000,2018,"MY KUL"
"CDPCitiesTargets:2021",215000,2020,"NZ WLG"
"CDPCitiesTargets:2021",277417,2018,"GB SUN"
"CDPCitiesTargets:2021",149280,2020,"SE HEL"
"CDPCitiesTargets:2021",41047,2021,"DK FRE"
"CDPCitiesTargets:2021",540000,2016,"FR NCE"
"CDPCitiesTargets:2021",286211,2020,"BR SME"
"CDPCitiesTargets:2021",1653461,2020,"BR REC"
"CDPCitiesTargets:2021",171587,2018,"FR LEH"
"CDPCitiesTargets:2021",6591589,2020,"NG IBA"
"CDPCitiesTargets:2021",19219,2020,"IS AKU"
"CDPCitiesTargets:2021",149280,2020,"SE HEL"
"CDPCitiesTargets:2021",15305900,2019,"CN GGZ"
"CDPCitiesTargets:2021",1476491,2020,"MX ZAP"
"CDPCitiesTargets:2021",2220872,2018,"TW TYN"
"CDPCitiesTargets:2021",41047,2021,"DK FRE"
"CDPCitiesTargets:2021",26861,2011,"CR QPS"
"CDPCitiesTargets:2021",143222,2020,"CH BRN"
"CDPCitiesTargets:2021",1330286,2021,"JP STM"
"CDPCitiesTargets:2021",1221095,2020,"KR SUO"
"CDPCitiesTargets:2021",347398,2020,"CR SJO"
"CDPCitiesTargets:2021",492681,2018,"FR URO"
"CDPCitiesTargets:2021",231962,2021,"PT OPO"
"CDPCitiesTargets:2021",392887,2020,"PT STA"
"CDPCitiesTargets:2021",492681,2018,"FR URO"
"CDPCitiesTargets:2021",65333,2017,"PE SDR"
"CDPCitiesTargets:2021",2514005,2020,"GH ACC"
"CDPCitiesTargets:2021",5685807,2020,"SG SIN"
"CDPCitiesTargets:2021",1153901,2020,"KR USN"
"CDPCitiesTargets:2021",305461,2018,"AR RES"
"CDPCitiesTargets:2021",2960048,2020,"PH QZT"
"CDPCitiesTargets:2021",118964,2021,"JP HDA"
"CDPCitiesTargets:2021",2602418,2020,"TW TPE"
"CDPCitiesTargets:2021",492681,2018,"FR URO"
"CDPCitiesTargets:2021",215000,2020,"NZ WLG"
"CDPCitiesTargets:2021",365437,2020,"IT FLR"
"CDPCitiesTargets:2021",365437,2020,"IT FLR"
"CDPCitiesTargets:2021",807254,2019,"HR ZAG"
"CDPCitiesTargets:2021",277773,2020,"CO SIJ"
"CDPCitiesTargets:2021",1653461,2020,"BR REC"
"CDPCitiesTargets:2021",6747815,2019,"BR RIO"
"CDPCitiesTargets:2021",94129,2019,"SE VXO"
"CDPCitiesTargets:2021",201386,2021,"CH BSL"
"CDPCitiesTargets:2021",583056,2020,"SE GOT"
"CDPCitiesTargets:2021",583056,2020,"SE GOT"
"CDPCitiesTargets:2021",5052000,2016,"CI ABJ"
"CDPCitiesTargets:2021",583056,2020,"SE GOT"
"CDPCitiesTargets:2021",583056,2020,"SE GOT"
"CDPCitiesTargets:2021",231962,2021,"PT OPO"
"CDPCitiesTargets:2021",1293611,2021,"HN TGU"
"CDPCitiesTargets:2021",20390,2018,"SE MRA"
"CDPCitiesTargets:2021",286178,2021,"KR CHC"
"CDPCitiesTargets:2021",286178,2021,"KR CHC"
"CDPCitiesTargets:2021",294464,2021,"SI LJU"
"CDPCitiesTargets:2021",946900,2019,"MX CUU"
"CDPCitiesTargets:2021",53282,2018,"DK HVV"
"CDPCitiesTargets:2021",20232,2020,"TH YNT"
"CDPCitiesTargets:2021",107699,2021,"CL IND"
"CDPCitiesTargets:2021",143222,2020,"CH BRN"
"CDPCitiesTargets:2021",434736,2020,"CH ZRH"
"CDPCitiesTargets:2021",2210875,2018,"FR PAR"
"CDPCitiesTargets:2021",348208,2020,"BR CAN"
"CDPCitiesTargets:2021",36655,2021,"SE VVK"
"CDPCitiesTargets:2021",872497,2021,"NL AMS"
"CDPCitiesTargets:2021",492681,2018,"FR URO"
"CDPCitiesTargets:2021",61015,2019,"PT FAO"
"CDPCitiesTargets:2021",28352,2008,"IT ASI"
"CDPCitiesTargets:2021",547757,2021,"NL HAG"
"CDPCitiesTargets:2021",61015,2019,"PT FAO"
"CDPCitiesTargets:2021",332500,2020,"GB WAN"
"CDPCitiesTargets:2021",583056,2020,"SE GOT"
"CDPCitiesTargets:2021",583056,2020,"SE GOT"
"CDPCitiesTargets:2021",1664182,2020,"ES BCN"
"CDPCitiesTargets:2021",5685807,2020,"SG SIN"
"CDPCitiesTargets:2021",11936010,2020,"CN HAZ"
"CDPCitiesTargets:2021",143222,2020,"CH BRN"
"CDPCitiesTargets:2021",49000,2018,"CR ORE"
"CDPCitiesTargets:2021",1005687,2016,"TR DNZ"
"CDPCitiesTargets:2021",41047,2021,"DK FRE"
"CDPCitiesTargets:2021",5652000,2016,"CD FBM"
"CDPCitiesTargets:2021",2446144,2020,"KR TAE"
"CDPCitiesTargets:2021",2239191,2010,"EC UIO"
"CDPCitiesTargets:2021",8420887,2016,"TH BKK"
"CDPCitiesTargets:2021",133262,2021,"IS REY"
"CDPCitiesTargets:2021",210440,2017,"IT PDA"
"CDPCitiesTargets:2021",210440,2017,"IT PDA"
"CDPCitiesTargets:2021",38100,2019,"MC MON"
"CDPCitiesTargets:2021",26201,2011,"CR CAS"
"CDPCitiesTargets:2021",902,2018,"AR URA"
"CDPCitiesTargets:2021",1043070,2020,"ID BOG"
"CDPCitiesTargets:2021",583056,2020,"SE GOT"
"CDPCitiesTargets:2021",583056,2020,"SE GOT"
"CDPCitiesTargets:2021",277417,2018,"GB SUN"
"CDPCitiesTargets:2021",149280,2020,"SE HEL"
"CDPCitiesTargets:2021",583056,2020,"SE GOT"
"CDPCitiesTargets:2021",583056,2020,"SE GOT"
"CDPCitiesTargets:2021",332500,2020,"GB WAN"
"CDPCitiesTargets:2021",4394694,2020,"TR IZM"
"CDPCitiesTargets:2021",255042,2019,"ES VIT"
"CDPCitiesTargets:2021",280242,2020,"KR YOS"
"CDPCitiesTargets:2021",1175501,2020,"BR CPS"
"CDPCitiesTargets:2021",6041000,2019,"TZ DAR"
"CDPCitiesTargets:2021",3411200,2020,"AE DXB"
"CDPCitiesTargets:2021",125941,2020,"SE LUD"
"CDPCitiesTargets:2021",540000,2016,"FR NCE"
"CDPCitiesTargets:2021",290199,2010,"EC PVO"
"CDPCitiesTargets:2021",51962,2018,"AR CCO"
"CDPCitiesTargets:2021",8420887,2016,"TH BKK"
"CDPCitiesTargets:2021",77300,2020,"NZ ROT"
"CDPCitiesTargets:2021",149280,2020,"SE HEL"
"CDPCitiesTargets:2021",547757,2021,"NL HAG"
"CDPCitiesTargets:2021",6207299,2021,"IN STV"
"CDPCitiesTargets:2021",434736,2020,"CH ZRH"
"CDPCitiesTargets:2021",1797530,2020,"IN RAJ"
"CDPCitiesTargets:2021",633120,2019,"GB GLW"
"CDPCitiesTargets:2021",277417,2018,"GB SUN"
"CDPCitiesTargets:2021",896967,2021,"KR HWS"
"CDPCitiesTargets:2021",681877,2020,"ES ZAZ"
"CDPCitiesTargets:2021",1452549,2021,"JP UKY"
"CDPCitiesTargets:2021",434736,2020,"CH ZRH"
"CDPCitiesTargets:2021",300000,2021,"CR DE2"
"CDPCitiesTargets:2021",6747815,2019,"BR RIO"
"CDPCitiesTargets:2021",540000,2016,"FR NCE"
"CDPCitiesTargets:2021",1948626,2020,"BR CWB"
"CDPCitiesTargets:2021",65333,2017,"PE SDR"
"CDPCitiesTargets:2021",78570,2016,"AR RCQ"
"CDPCitiesTargets:2021",1252786,2016,"SN DKR"
"CDPCitiesTargets:2021",24000,2017,"CR BLN"
"CDPCitiesTargets:2021",390636,2018,"IT BLQ"
"CDPCitiesTargets:2021",872497,2021,"NL AMS"
"CDPCitiesTargets:2021",638147,2021,"DK CPH"
"CDPCitiesTargets:2021",1293611,2021,"HN TGU"
"CDPCitiesTargets:2021",127119,2018,"SE UME"
"CDPCitiesTargets:2021",866510,2020,"IT TRN"
"CDPCitiesTargets:2021",866510,2020,"IT TRN"
"CDPCitiesTargets:2021",345366,2015,"PH BAG"
"CDPCitiesTargets:2021",347398,2020,"CR SJO"
"CDPCitiesTargets:2021",38100,2019,"MC MON"
"CDPCitiesTargets:2021",404495,2017,"CL SCL"
"CDPCitiesTargets:2021",131100,2019,"NZ DUD"
"CDPCitiesTargets:2021",418686,2015,"JP TOY"
"CDPCitiesTargets:2021",291839,2020,"MX PVR"
"CDPCitiesTargets:2021",127119,2018,"SE UME"
"CDPCitiesTargets:2021",1653461,2020,"BR REC"
"CDPCitiesTargets:2021",125941,2020,"SE LUD"
"CDPCitiesTargets:2021",1680600,2020,"UG KLA"
"CDPCitiesTargets:2021",1948626,2020,"BR CWB"
"CDPCitiesTargets:2021",199392,2018,"AR GCR"
"CDPCitiesTargets:2021",583056,2020,"SE GOT"
"CDPCitiesTargets:2021",583056,2020,"SE GOT"
"CDPCitiesTargets:2021",26861,2011,"CR QPS"
"CDPCitiesTargets:2021",6041000,2019,"TZ DAR"
"CDPCitiesTargets:2021",97676,2020,"PT VSE"
"CDPCitiesTargets:2021",149149,2020,"ID BTR"
"CDPCitiesTargets:2021",337098,2020,"GB NTG"
"CDPCitiesTargets:2021",2446144,2020,"KR TAE"
"CDPCitiesTargets:2021",8420887,2016,"TH BKK"
"CDPCitiesTargets:2021",2873484,2017,"ID BKA"
"CDPCitiesTargets:2021",201386,2021,"CH BSL"
"CDPCitiesTargets:2021",1293611,2021,"HN TGU"
"CDPCitiesTargets:2021",201837,2021,"BE CRL"
"CDPCitiesTargets:2021",86217,2020,"SE KID"
"CDPCitiesTargets:2021",145358,2020,"CH LAU"
"CDPCitiesTargets:2021",640600,2018,"PL WRO"
"CDPCitiesTargets:2021",640600,2018,"PL WRO"
"CDPCitiesTargets:2021",640600,2018,"PL WRO"
"CDPCitiesTargets:2021",2765932,2020,"TW KHH"
"CDPCitiesTargets:2021",1000000,2021,"CI COD"
"CDPCitiesTargets:2021",352739,2021,"DK AAR"
"CDPCitiesTargets:2021",526555,2021,"JP HIM"
"CDPCitiesTargets:2021",282415,2017,"CL ZCO"
"CDPCitiesTargets:2021",3776146,2021,"JP YOK"
"CDPCitiesTargets:2021",13957977,2021,"JP TYO"
"CDPCitiesTargets:2021",166057,2020,"KR TJI"
"CDPCitiesTargets:2021",65333,2017,"PE SDR"
"CDPCitiesTargets:2021",998527,2019,"AR ROS"
"CDPCitiesTargets:2021",39116,2021,"DK MID"
"CDPCitiesTargets:2021",998527,2019,"AR ROS"
"CDPCitiesTargets:2021",45877,2020,"SE TRG"
"CDPCitiesTargets:2021",2686612,2020,"BR FOR"
"CDPCitiesTargets:2021",3769000,2020,"DE BER"
"CDPCitiesTargets:2021",248736,2020,"AU SYD"
"CDPCitiesTargets:2021",21000000,2015,"NG LOS"
"CDPCitiesTargets:2021",463400,2019,"GB BRS"
"CDPCitiesTargets:2021",2886698,2020,"BR SSA"
"CDPCitiesTargets:2021",2521564,2020,"BR BHZ"
"CDPCitiesTargets:2021",345366,2015,"PH BAG"
"CDPCitiesTargets:2021",2446144,2020,"KR TAE"
"CDPCitiesTargets:2021",231962,2021,"PT OPO"
"CDPCitiesTargets:2021",277417,2018,"GB SUN"
"CDPCitiesTargets:2021",122000,2021,"GB WNE"
"CDPCitiesTargets:2021",1664182,2020,"ES BCN"
"CDPCitiesTargets:2021",77300,2020,"NZ ROT"
"CDPCitiesTargets:2021",65333,2017,"PE SDR"
"CDPCitiesTargets:2021",347398,2020,"CR SJO"
"CDPCitiesTargets:2021",118964,2021,"JP HDA"
"CDPCitiesTargets:2021",185937,2011,"ME TGD"
"CDPCitiesTargets:2021",160754,2018,"SE LPI"
"CDPCitiesTargets:2021",145358,2020,"CH LAU"
"CDPCitiesTargets:2021",5052000,2016,"CI ABJ"
"CDPCitiesTargets:2021",3223334,2018,"ES MAD"
"CDPCitiesTargets:2021",532766,2021,"ZA PZB"
"CDPCitiesTargets:2021",1618400,2018,"NZ AKL"
"CDPCitiesTargets:2021",149280,2020,"SE HEL"
"CDPCitiesTargets:2021",1895486,2020,"ID TRG"
"CDPCitiesTargets:2021",86350,2019,"BR STD"
"CDPCitiesTargets:2021",11936010,2020,"CN HAZ"
"CDPCitiesTargets:2021",286178,2021,"KR CHC"
"CDPCitiesTargets:2021",434736,2020,"CH ZRH"
"CDPCitiesTargets:2021",2533424,2020,"CO MDE"
"CDPCitiesTargets:2021",4423834,2018,"ZA CPT"
"CDPCitiesTargets:2021",1653461,2020,"BR REC"
"CDPCitiesTargets:2021",7481800,2020,"HK HKG"
"CDPCitiesTargets:2021",6747815,2019,"BR RIO"
"CDPCitiesTargets:2021",796670,2018,"JP KIJ"
"CDPCitiesTargets:2021",1618400,2018,"NZ AKL"
"CDPCitiesTargets:2021",65333,2017,"PE SDR"
"CDPCitiesTargets:2021",365437,2020,"IT FLR"
"CDPCitiesTargets:2021",365437,2020,"IT FLR"
"CDPCitiesTargets:2021",13957977,2021,"JP TYO"
"CDPCitiesTargets:2021",492681,2018,"FR URO"
"CDPCitiesTargets:2021",65333,2017,"PE SDR"
"CDPCitiesTargets:2021",48502,2021,"PT FFE"
"CDPCitiesTargets:2021",697010,2021,"NO OSL"
"CDPCitiesTargets:2021",800215,2020,"ES VLC"
"CDPCitiesTargets:2021",255042,2019,"ES VIT"
"CDPCitiesTargets:2021",292796,2020,"FI ES2"
"CDPCitiesTargets:2021",910608,2020,"MX TLC"
"CDPCitiesTargets:2021",285911,2021,"NO BGO"
"CDPCitiesTargets:2021",265188,2019,"BO TJA"
"CDPCitiesTargets:2021",6041000,2019,"TZ DAR"
"CDPCitiesTargets:2021",39116,2021,"DK MID"
"CDPCitiesTargets:2021",3769000,2020,"DE BER"
"CDPCitiesTargets:2021",39116,2021,"DK MID"
"CDPCitiesTargets:2021",44999,2019,"NO ARE"
"CDPCitiesTargets:2021",156852,2021,"PT GUI"
"CDPCitiesTargets:2021",936263,2020,"MX HMO"
"CDPCitiesTargets:2021",277417,2018,"GB SUN"
"CDPCitiesTargets:2021",1664182,2020,"ES BCN"
"CDPCitiesTargets:2021",127119,2018,"SE UME"
"CDPCitiesTargets:2021",3769000,2020,"DE BER"
"CDPCitiesTargets:2021",1664182,2020,"ES BCN"
"CDPCitiesTargets:2021",1240730,2020,"VN VCA"
"CDPCitiesTargets:2021",286178,2021,"KR CHC"
"CDPCitiesTargets:2021",9041395,2018,"MX MEX"
"CDPCitiesTargets:2021",368000,2020,"GB CDF"
"CDPCitiesTargets:2021",133262,2021,"IS REY"
"CDPCitiesTargets:2021",347949,2020,"SE MMA"
"CDPCitiesTargets:2021",365278,2020,"BR CAU"
"CDPCitiesTargets:2021",1221095,2020,"KR SUO"
"CDPCitiesTargets:2021",179000,2019,"NL NIJ"
"CDPCitiesTargets:2021",24000,2017,"CR BLN"
"CDPCitiesTargets:2021",183756,2020,"AU MEL"
"CDPCitiesTargets:2021",147892,2019,"LT KLJ"
"CDPCitiesTargets:2021",4423834,2018,"ZA CPT"
"CDPCitiesTargets:2021",53282,2018,"DK HVV"
"CDPCitiesTargets:2021",601574,2011,"IN KOC"
"CDPCitiesTargets:2021",558930,2020,"IT GOA"
"CDPCitiesTargets:2021",558930,2020,"IT GOA"
"CDPCitiesTargets:2021",2101157,2020,"TR GZT"
"CDPCitiesTargets:2021",29889,2020,"AU ADL"
"CDPCitiesTargets:2021",921771,2020,"MX MID"
"CDPCitiesTargets:2021",86217,2020,"SE KID"
"CDPCitiesTargets:2021",395780,2021,"GB BOH"
"CDPCitiesTargets:2021",67563,2017,"IT QCS"
"CDPCitiesTargets:2021",1874917,2020,"TW TNN"
"CDPCitiesTargets:2021",5052000,2016,"CI ABJ"
"CDPCitiesTargets:2021",3306198,2017,"ZA PRY"
"CDPCitiesTargets:2021",8574974,2017,"PE LIM"
"CDPCitiesTargets:2021",1328120,2018,"BG SOF"
"CDPCitiesTargets:2021",67563,2017,"IT QCS"
"CDPCitiesTargets:2021",3360000,2014,"MA CAS"
"CDPCitiesTargets:2021",112887,2010,"AR BRC"
"CDPCitiesTargets:2021",552858,2020,"GB MNC"
"CDPCitiesTargets:2021",127119,2018,"SE UME"
"CDPCitiesTargets:2021",149280,2020,"SE HEL"
"CDPCitiesTargets:2021",81522,2016,"AR VNT"
"CDPCitiesTargets:2021",508519,2021,"JP MYJ"
"CDPCitiesTargets:2021",2101157,2020,"TR GZT"
"CDPCitiesTargets:2021",179000,2019,"NL NIJ"
"CDPCitiesTargets:2021",583056,2020,"SE GOT"
"CDPCitiesTargets:2021",583056,2020,"SE GOT"
"CDPCitiesTargets:2021",1664182,2020,"ES BCN"
"CDPCitiesTargets:2021",277417,2018,"GB SUN"
"CDPCitiesTargets:2021",140597,2020,"TW KNH"
"CDPCitiesTargets:2021",209755,2020,"DE RSK"
"CDPCitiesTargets:2021",166080,2017,"CL ZAL"
"CDPCitiesTargets:2021",286211,2020,"BR SME"
"CDPCitiesTargets:2021",6207299,2021,"IN STV"
"CDPCitiesTargets:2021",570024,2021,"JP ITB"
"CDPCitiesTargets:2021",1653461,2020,"BR REC"
"CDPCitiesTargets:2021",644618,2019,"NL RTM"
"CDPCitiesTargets:2021",872497,2021,"NL AMS"
"CDPCitiesTargets:2021",973045,2018,"CO CTG"
"CDPCitiesTargets:2021",1895486,2020,"ID TRG"
"CDPCitiesTargets:2021",332500,2020,"GB WAN"
"CDPCitiesTargets:2021",115041,2010,"AR MDZ"
"CDPCitiesTargets:2021",552858,2020,"GB MNC"
"CDPCitiesTargets:2021",98500,2019,"TN L8T"
"CDPCitiesTargets:2021",1000000,2021,"CI COD"
"CDPCitiesTargets:2021",5052000,2016,"CI ABJ"
"CDPCitiesTargets:2021",349648,2018,"AR CNQ"
"CDPCitiesTargets:2021",1,2018,"MG TNR"
"CDPCitiesTargets:2021",78530,2019,"PT TVE"
"CDPCitiesTargets:2021",87542,2019,"DK RKE"
"CDPCitiesTargets:2021",26861,2011,"CR QPS"
"CDPCitiesTargets:2021",418686,2015,"JP TOY"
"CDPCitiesTargets:2021",37078,2018,"AR CPC"
"CDPCitiesTargets:2021",347398,2020,"CR SJO"
"CDPCitiesTargets:2021",946338,2020,"JP KKJ"
"CDPCitiesTargets:2021",1202731,2021,"GE TBS"
"CDPCitiesTargets:2021",14736,2021,"JP HKY"
"CDPCitiesTargets:2021",1664182,2020,"ES BCN"
"CDPCitiesTargets:2021",220357,2017,"CL TLX"
"CDPCitiesTargets:2021",1175501,2020,"BR CPS"
"CDPCitiesTargets:2021",583056,2020,"SE GOT"
"CDPCitiesTargets:2021",583056,2020,"SE GOT"
"CDPCitiesTargets:2021",3800000,2018,"JO AMM"
"CDPCitiesTargets:2021",62709,2019,"DK HLS"
"CDPCitiesTargets:2021",98795,2021,"JP IDA"
"CDPCitiesTargets:2021",346325,2020,"ID SUK"
"CDPCitiesTargets:2021",6041000,2019,"TZ DAR"
"CDPCitiesTargets:2021",65333,2017,"PE SDR"
"CDPCitiesTargets:2021",300000,2021,"CR DE2"
"CDPCitiesTargets:2021",142000,2018,"CL PRO"
"CDPCitiesTargets:2021",505585,2010,"EC CUE"
"CDPCitiesTargets:2021",2446144,2020,"KR TAE"
"CDPCitiesTargets:2021",300000,2021,"CR DE2"
"CDPCitiesTargets:2021",79559,2020,"NO SAS"
"CDPCitiesTargets:2021",62709,2019,"DK HLS"
"CDPCitiesTargets:2021",1653461,2020,"BR REC"
"CDPCitiesTargets:2021",981105,2020,"SE STO"
"CDPCitiesTargets:2021",1874917,2020,"TW TNN"
"CDPCitiesTargets:2021",1003530,2021,"MX CUL"
"CDPCitiesTargets:2021",277417,2018,"GB SUN"
"CDPCitiesTargets:2021",482713,2019,"TR KAD"
"CDPCitiesTargets:2021",1874917,2020,"TW TNN"
"CDPCitiesTargets:2021",1452549,2021,"JP UKY"
"CDPCitiesTargets:2021",133262,2021,"IS REY"
"CDPCitiesTargets:2021",3068043,2018,"AR BUE"
"CDPCitiesTargets:2021",1653524,2020,"ID SRG"
"CDPCitiesTargets:2021",21741090,2021,"BD DAC"
"CDPCitiesTargets:2021",56791,2020,"SE SKV"
"CDPCitiesTargets:2021",614618,2021,"LV RIX"
"CDPCitiesTargets:2021",15462452,2020,"TR IST"
"CDPCitiesTargets:2021",3068043,2018,"AR BUE"
"CDPCitiesTargets:2021",127119,2018,"SE UME"
"CDPCitiesTargets:2021",1680600,2020,"UG KLA"
"CDPCitiesTargets:2021",125941,2020,"SE LUD"
"CDPCitiesTargets:2021",69951,2020,"IT LAQ"
"CDPCitiesTargets:2021",69951,2020,"IT LAQ"
"CDPCitiesTargets:2021",145512,2020,"DE HEI"
"CDPCitiesTargets:2021",15539,2010,"PA OCU"
"CDPCitiesTargets:2021",277417,2018,"GB SUN"
"CDPCitiesTargets:2021",255042,2019,"ES VIT"
"CDPCitiesTargets:2021",53282,2018,"DK HVV"
"CDPCitiesTargets:2021",485000,2020,"TR NIL"
"CDPCitiesTargets:2021",494,2014,"BR PVH"
"CDPCitiesTargets:2021",125941,2020,"SE LUD"
"CDPCitiesTargets:2021",35263,2019,"GI GIB"
"CDPCitiesTargets:2021",1000000,2021,"CI COD"
"CDPCitiesTargets:2021",946338,2020,"JP KKJ"
"CDPCitiesTargets:2021",548565,2020,"PE COM"
"CDPCitiesTargets:2021",1392502,2020,"IT MIL"
"CDPCitiesTargets:2021",1392502,2020,"IT MIL"
"CDPCitiesTargets:2021",248736,2020,"AU SYD"
"CDPCitiesTargets:2021",281500,2018,"MY MUA"
"CDPCitiesTargets:2021",376944,2021,"JP SUI"
"CDPCitiesTargets:2021",1392502,2020,"IT MIL"
"CDPCitiesTargets:2021",1392502,2020,"IT MIL"
"CDPCitiesTargets:2021",56791,2020,"SE SKV"
"CDPCitiesTargets:2021",365437,2020,"IT FLR"
"CDPCitiesTargets:2021",365437,2020,"IT FLR"
"CDPCitiesTargets:2021",294464,2021,"SI LJU"
"CDPCitiesTargets:2021",3689000,2020,"ET ADD"
"CDPCitiesTargets:2021",688318,2020,"ID BPN"
"CDPCitiesTargets:2021",4030954,2020,"TW NTC"
"CDPCitiesTargets:2021",132448,2020,"IT FRR"
"CDPCitiesTargets:2021",2886698,2020,"BR SSA"
"CDPCitiesTargets:2021",3769000,2020,"DE BER"
"CDPCitiesTargets:2021",183453,2019,"GB SAA"
"CDPCitiesTargets:2021",87542,2019,"DK RKE"
"CDPCitiesTargets:2021",526166,2019,"MX CLY"
"CDPCitiesTargets:2021",266005,2020,"TW CYI"
"CDPCitiesTargets:2021",25845,2016,"AR MTC"
"CDPCitiesTargets:2021",524353,2018,"MY MEA"
"CDPCitiesTargets:2021",465000,2018,"JP KNZ"
"CDPCitiesTargets:2021",195874,2019,"BR ARU"
"CDPCitiesTargets:2021",352739,2021,"DK AAR"
"CDPCitiesTargets:2021",687357,2020,"BR SOR"
"CDPCitiesTargets:2021",946338,2020,"JP KKJ"
"CDPCitiesTargets:2021",2886698,2020,"BR SSA"
"CDPCitiesTargets:2021",1948626,2020,"BR CWB"
"CDPCitiesTargets:2021",183453,2019,"GB SAA"
"CDPCitiesTargets:2021",149280,2020,"SE HEL"
"CDPCitiesTargets:2021",215000,2020,"NZ WLG"
