actor_id,identifier,namespace,datasource_id
AF-KDZ,AFG_Kunduz_ District_3642,World Bank,OEF:WB:subnational-population:20221106
AF-WAR,AFG_Wardak_AF.VR_302_AFG031,World Bank,OEF:WB:subnational-population:20221106
AL-01,ALB_Berat_AL.BE_305_ALB001,World Bank,OEF:WB:subnational-population:20221106
AL-04,ALB_Fier_AL.FI_312_ALB008,World Bank,OEF:WB:subnational-population:20221106
DZ-01,DZA_Adrar_DZ.AR_341_DZA001,World Bank,OEF:WB:subnational-population:20221106
DZ-23,DZA_Annaba_DZ.AN_345_DZA005,World Bank,OEF:WB:subnational-population:20221106
DZ-07,DZA_Biskra_DZ.BS_349_DZA009,World Bank,OEF:WB:subnational-population:20221106
DZ-25,DZA_Constantine_DZ.CO_355_DZA015,World Bank,OEF:WB:subnational-population:20221106
DZ-32,DZA_El_Bayadh_DZ.EB_357_DZA017,World Bank,OEF:WB:subnational-population:20221106
DZ-24,DZA_Guelma_DZ.GL_361_DZA021,World Bank,OEF:WB:subnational-population:20221106
DZ-18,DZA_Jijel_DZ.JJ_363_DZA023,World Bank,OEF:WB:subnational-population:20221106
DZ-03,DZA_Laghouat_DZ.LG_365_DZA025,World Bank,OEF:WB:subnational-population:20221106
DZ-29,DZA_Mascara_DZ.MC_366_DZA026,World Bank,OEF:WB:subnational-population:20221106
DZ-43,DZA_Mila_DZ.ML_368_DZA028,World Bank,OEF:WB:subnational-population:20221106
DZ-45,DZA_Naama_DZ.NA_371_DZA031,World Bank,OEF:WB:subnational-population:20221106
DZ-30,DZA_Ouargla_DZ.OG_373_DZA033,World Bank,OEF:WB:subnational-population:20221106
DZ-48,DZA_Relizane_DZ.RE_375_DZA035,World Bank,OEF:WB:subnational-population:20221106
DZ-21,DZA_Skikda_DZ.SK_379_DZA039,World Bank,OEF:WB:subnational-population:20221106
DZ-11,DZA_Tamanrasset_DZ.TA_381_DZA041,World Bank,OEF:WB:subnational-population:20221106
DZ-14,DZA_Tiaret_DZ.TR_384_DZA043,World Bank,OEF:WB:subnational-population:20221106
DZ-42,DZA_Tipaza_DZ.TP_385_DZA045,World Bank,OEF:WB:subnational-population:20221106
DZ-15,DZA_Tizi_Ouzou_DZ.TO_387_DZA047,World Bank,OEF:WB:subnational-population:20221106
AO-BGO,AGO_Bengo_AO.BO_398_AGO001,World Bank,OEF:WB:subnational-population:20221106
AO-CCU,AGO_Cuando_Cubango_AO.CC_402_AGO005,World Bank,OEF:WB:subnational-population:20221106
AO-CNN,AGO_Cunene_AO.CU_404_AGO008,World Bank,OEF:WB:subnational-population:20221106
AO-LUA,AGO_Luanda_AO.LU_408_AGO011,World Bank,OEF:WB:subnational-population:20221106
AO-MOX,AGO_Moxico_AO.MX_412_AGO015,World Bank,OEF:WB:subnational-population:20221106
AR-B,ARG_Buenos_Aires_AR.BA_429_ARG001,World Bank,OEF:WB:subnational-population:20221106
AR-K,ARG_Catamarca_AR.CT_431_ARG002,World Bank,OEF:WB:subnational-population:20221106
AR-U,ARG_Chubut_AR.CH_433_ARG004,World Bank,OEF:WB:subnational-population:20221106
AR-W,ARG_Corrientes_AR.CN_435_ARG007,World Bank,OEF:WB:subnational-population:20221106
AR-P,ARG_Formosa_AR.FM_437_ARG009,World Bank,OEF:WB:subnational-population:20221106
AR-L,ARG_La_Pampa_AR.LP_439_ARG011,World Bank,OEF:WB:subnational-population:20221106
AR-M,ARG_Mendoza_AR.MZ_441_ARG013,World Bank,OEF:WB:subnational-population:20221106
AR-A,ARG_Salta_AR.SA_445_ARG017,World Bank,OEF:WB:subnational-population:20221106
AR-D,ARG_San_Luis_AR.SL_447_ARG019,World Bank,OEF:WB:subnational-population:20221106
AR-S,ARG_Santa_Fe_AR.SF_449_ARG021,World Bank,OEF:WB:subnational-population:20221106
AM-AG,ARM_Aragatsotn_AM.AG_453_ARM001,World Bank,OEF:WB:subnational-population:20221106
AM-AV,ARM_Armavir_AM.AV_455_ARM003,World Bank,OEF:WB:subnational-population:20221106
AM-KT,ARM_Kotayk_AM.KT_457_ARM005,World Bank,OEF:WB:subnational-population:20221106
AM-SH,ARM_Shirak_AM.SH_460_ARM007,World Bank,OEF:WB:subnational-population:20221106
AM-TV,ARM_Tavush_AM.TV_462_ARM009,World Bank,OEF:WB:subnational-population:20221106
AM-ER,ARM_Yerevan_AM.ER_464_ARM011,World Bank,OEF:WB:subnational-population:20221106
BD-B,BGD_Chittagong_BD.CG_576_BGD002,World Bank,OEF:WB:subnational-population:20221106
BD-D,BGD_Khulna_BD.KH_578_BGD004,World Bank,OEF:WB:subnational-population:20221106
BD-F,BGD_Rangpur_BD.RP_61363_BGD007,World Bank,OEF:WB:subnational-population:20221106
BY-BR,BLR_Brest_BY.BR_593_BLR001,World Bank,OEF:WB:subnational-population:20221106
BY-VI,BLR_Vitebsk_BY.VI_599_BLR006,World Bank,OEF:WB:subnational-population:20221106
BJ-BO,BEN_Borgou_BJ.BO_612_BEN004,World Bank,OEF:WB:subnational-population:20221106
BJ-KO,BEN_Couffo_BJ.CF_614_BEN006,World Bank,OEF:WB:subnational-population:20221106
BJ-LI,BEN_Littoral_BJ.LI_616_BEN008,World Bank,OEF:WB:subnational-population:20221106
BJ-OU,BEN_Oueme_BJ.OU_618_BEN010,World Bank,OEF:WB:subnational-population:20221106
BJ-ZO,BEN_Zou_BJ.ZO_620_BEN012,World Bank,OEF:WB:subnational-population:20221106
BT-12,BTN_Chhukha_BT.CK_623_BTN002,World Bank,OEF:WB:subnational-population:20221106
BT-GA,BTN_Gasa_BT.GA_625_BTN004,World Bank,OEF:WB:subnational-population:20221106
BT-44,BTN_Lhuentse_BT.LH_627_BTN006,World Bank,OEF:WB:subnational-population:20221106
BT-11,BTN_Paro_BT.PR_629_BTN008,World Bank,OEF:WB:subnational-population:20221106
BT-23,BTN_Punakha_BT.PN_631_BTN010,World Bank,OEF:WB:subnational-population:20221106
BT-14,BTN_Samtse_BT.SM_41312_BTN012,World Bank,OEF:WB:subnational-population:20221106
BT-15,BTN_Thimphu_BT.TM_635_BTN014,World Bank,OEF:WB:subnational-population:20221106
BT-TY,BTN_Trashiyangtse_BT.TY_636_BTN015,World Bank,OEF:WB:subnational-population:20221106
BT-21,BTN_Tsirang_BT.CR_639_BTN018,World Bank,OEF:WB:subnational-population:20221106
BT-34,BTN_Zhemgang_BT.SG_41314_BTN020,World Bank,OEF:WB:subnational-population:20221106
BA-SRP,BIH_Republika_Srpska_BA.SR_653_BIH003,World Bank,OEF:WB:subnational-population:20221106
BR-AP,BRA_Amapa_BR.AP_667_BRA003,World Bank,OEF:WB:subnational-population:20221106
BR-BA,BRA_Bahia_BR.BA_669_BRA005,World Bank,OEF:WB:subnational-population:20221106
BR-DF,BRA_Distrito_Federal_BR.DF_671_BRA007,World Bank,OEF:WB:subnational-population:20221106
BR-GO,BRA_Goias_BR.GO_673_BRA009,World Bank,OEF:WB:subnational-population:20221106
BR-MT,BRA_Mato_Grosso_BR.MT_675_BRA011,World Bank,OEF:WB:subnational-population:20221106
BR-MG,BRA_Minas_Gerais_BR.MG_677_BRA013,World Bank,OEF:WB:subnational-population:20221106
BR-PR,BRA_Paraiba_BR.PR_679_BRA015,World Bank,OEF:WB:subnational-population:20221106
BR-PE,BRA_Pernambuco_BR.PE_681_BRA017,World Bank,OEF:WB:subnational-population:20221106
BR-RR,BRA_Roraima_BR.RR_687_BRA023,World Bank,OEF:WB:subnational-population:20221106
BR-TO,BRA_Tocantins_BR.TO_691_BRA027,World Bank,OEF:WB:subnational-population:20221106
BG-02,BGR_Burgas_BG.BR_703_BGR002,World Bank,OEF:WB:subnational-population:20221106
BG-07,BGR_Gabrovo_BG.GB_705_BGR004,World Bank,OEF:WB:subnational-population:20221106
BG-12,BGR_Montana_BG.MT_711_BGR010,World Bank,OEF:WB:subnational-population:20221106
BG-14,BGR_Pernik_BG.PN_713_BGR012,World Bank,OEF:WB:subnational-population:20221106
BG-16,BGR_Plovdiv_BG.PD_715_BGR014,World Bank,OEF:WB:subnational-population:20221106
BG-18,BGR_Ruse_BG.RS_717_BGR040,World Bank,OEF:WB:subnational-population:20221106
BG-19,BGR_Silistra_BG.SI_719_BGR018,World Bank,OEF:WB:subnational-population:20221106
BG-25,BGR_Targovishte_BG.TU_725_BGR030,World Bank,OEF:WB:subnational-population:20221106
BG-04,BGR_Veliko_Tarnovo_BG.VT_727_BGR026,World Bank,OEF:WB:subnational-population:20221106
BF-02,BFA_Cascades_BF.CA_40277_BFA047,World Bank,OEF:WB:subnational-population:20221106
BF-08,BFA_Est_BF.ES_40283_BFA053,World Bank,OEF:WB:subnational-population:20221106
BF-10,BFA_Nord_BF.NO_40285_BFA057,World Bank,OEF:WB:subnational-population:20221106
BF-12,BFA_Sahel_BF.SA_40287_BFA056,World Bank,OEF:WB:subnational-population:20221106
BI-BB,BDI_Bubanza_BI.BB_40542_BDI001,World Bank,OEF:WB:subnational-population:20221106
BI-BL,BDI_Bujumbura_Rural_BI.BR_40544_BDI003,World Bank,OEF:WB:subnational-population:20221106
BI-CA,BDI_Cankuzo_BI.CA_40546_BDI005,World Bank,OEF:WB:subnational-population:20221106
BI-GI,BDI_Gitega_BI.GI_40548_BDI007,World Bank,OEF:WB:subnational-population:20221106
BI-KY,BDI_Kayanza_BI.KY_40550_BDI009,World Bank,OEF:WB:subnational-population:20221106
BI-MA,BDI_Makamba_BI.MA_40552_BDI011,World Bank,OEF:WB:subnational-population:20221106
BI-MY,BDI_Muyinga_BI.MY_40554_BDI013,World Bank,OEF:WB:subnational-population:20221106
BI-NG,BDI_Ngozi_BI.NG_40556_BDI015,World Bank,OEF:WB:subnational-population:20221106
BI-RY,BDI_Ruyigi_BI.RY_40558_BDI017,World Bank,OEF:WB:subnational-population:20221106
KH-2,KHM_Battambang_KH.BA_792_KHM002,World Bank,OEF:WB:subnational-population:20221106
KH-4,KHM_Kampong_Chhnang_KH.KG_794_KHM004,World Bank,OEF:WB:subnational-population:20221106
KH-6,KHM_Kampong_Thom_KH.KT_796_KHM006,World Bank,OEF:WB:subnational-population:20221106
KH-8,KHM_Kandal_KH.KN_798_KHM008,World Bank,OEF:WB:subnational-population:20221106
KH-9,KHM_Koh_Kong_KH.KK_799_KHM010,World Bank,OEF:WB:subnational-population:20221106
KH-24,KHM_ Pailin_KH.PL_805_KHM014,World Bank,OEF:WB:subnational-population:20221106
KH-18,KHM_Preah_Sihanouk_KH.KA_802_KHM021,World Bank,OEF:WB:subnational-population:20221106
KH-14,KHM_Prey_Veng_KH.PY_808_KHM017,World Bank,OEF:WB:subnational-population:20221106
KH-19,KHM_Stung_Treng_KH.ST_812_KHM022,World Bank,OEF:WB:subnational-population:20221106
KH-21,KHM_Takeo_KH.TA_814_KHM024,World Bank,OEF:WB:subnational-population:20221106
CM-CE,CMR_Centre_CM.CT_816_CMR002,World Bank,OEF:WB:subnational-population:20221106
CM-EN,CMR_Extreme-Nord_CM.EN_818_CMR004,World Bank,OEF:WB:subnational-population:20221106
CM-NO,CMR_Nord_CM.NO_820_CMR006,World Bank,OEF:WB:subnational-population:20221106
CM-OU,CMR_Ouest_CM.OU_822_CMR005,World Bank,OEF:WB:subnational-population:20221106
CM-SW,CMR_Sud-Ouest_CM.SW_824_CMR010,World Bank,OEF:WB:subnational-population:20221106
CL-AR,CHL_Araucania_CL.AR_884_CHL002,World Bank,OEF:WB:subnational-population:20221106
CL-AT,CHL_Atacama_CL.AT_885_CHL003,World Bank,OEF:WB:subnational-population:20221106
CL-MA,CHL_Magallanes_CL.MA_891_CHL014,World Bank,OEF:WB:subnational-population:20221106
CN-BJ,CHN_Beijing_CN.BJ_899_CHN010,World Bank,OEF:WB:subnational-population:20221106
CN-FJ,CHN_Fujian_CN.FJ_901_CHN012,World Bank,OEF:WB:subnational-population:20221106
CN-GZ,CHN_Guizhou_CN.GZ_905_CHN017,World Bank,OEF:WB:subnational-population:20221106
CN-GD,CHN_Guangdong_CN.GD_903_CHN015,World Bank,OEF:WB:subnational-population:20221106
CN-HB,CHN_Hebei_CN.HB_907_CHN019,World Bank,OEF:WB:subnational-population:20221106
CN-HE,CHN_Henan_CN.HE_909_CHN022,World Bank,OEF:WB:subnational-population:20221106
CN-HN,CHN_Hunan_CN.HN_912_CHN024,World Bank,OEF:WB:subnational-population:20221106
CN-JX,CHN_Jiangxi_CN.JX_914_CHN026,World Bank,OEF:WB:subnational-population:20221106
CN-LN,CHN_Liaoning_CN.LN_916_CHN028,World Bank,OEF:WB:subnational-population:20221106
CN-NX,CHN_Ningxia_Hui_CN.NX_918_CHN030,World Bank,OEF:WB:subnational-population:20221106
CN-SN,CHN_Shaanxi_CN.SA_920_CHN032,World Bank,OEF:WB:subnational-population:20221106
CN-SH,CHN_Shanghai_CN.SH_922_CHN034,World Bank,OEF:WB:subnational-population:20221106
CN-SC,CHN_Sichuan_CN.SC_924_CHN036,World Bank,OEF:WB:subnational-population:20221106
CN-XJ,CHN_Xinjiang_Uygur_CN.XJ_927_CHN039,World Bank,OEF:WB:subnational-population:20221106
CN-YN,CHN_Yunnan_CN.YN_929_CHN041,World Bank,OEF:WB:subnational-population:20221106
CO-AMA,COL_Amazonas_CO.AM_934_COL001,World Bank,OEF:WB:subnational-population:20221106
CO-ARA,COL_Arauca_CO.AR_936_COL003,World Bank,OEF:WB:subnational-population:20221106
CO-CAU,COL_Cauca_CO.CA_944_COL011,World Bank,OEF:WB:subnational-population:20221106
CO-CUN,COL_Cundinamarca_CO.CU_948_COL015,World Bank,OEF:WB:subnational-population:20221106
CO-HUI,COL_Huila_CO.HU_952_COL019,World Bank,OEF:WB:subnational-population:20221106
CO-MET,COL_Meta_CO.ME_954_COL021,World Bank,OEF:WB:subnational-population:20221106
CO-TOL,COL_Tolima_CO.TO_963_COL030,World Bank,OEF:WB:subnational-population:20221106
CR-A,CRI_Alajuela_CR.AL_981_CRI001,World Bank,OEF:WB:subnational-population:20221106
CR-G,CRI_Guanacaste_CR.GU_983_CRI003,World Bank,OEF:WB:subnational-population:20221106
CI-LC,CIV_Lacs_CI.LC_16841_CIV006,World Bank,OEF:WB:subnational-population:20221106
CI-SV,CIV_Savanes_CI.SV_1048_CIV018,World Bank,OEF:WB:subnational-population:20221106
CU-15,CUB_Artemisa_14723,World Bank,OEF:WB:subnational-population:20221106
CU-10,CUB_Las_Tunas_CU.LT_1018_CUB010,World Bank,OEF:WB:subnational-population:20221106
EC-C,ECU_Carchi_EC.CR_1138_ECU004,World Bank,OEF:WB:subnational-population:20221106
EC-X,ECU_Cotopaxi_EC.CT_1140_ECU006,World Bank,OEF:WB:subnational-population:20221106
EC-E,ECU_Esmeraldas_EC.ES_1142_ECU008,World Bank,OEF:WB:subnational-population:20221106
EC-G,ECU_Guayas_EC.GU_22005_ECU023,World Bank,OEF:WB:subnational-population:20221106
EC-L,ECU_Loja_EC.LJ_1146_ECU012,World Bank,OEF:WB:subnational-population:20221106
EC-N,ECU_Napo_EC.NA_1150_ECU016,World Bank,OEF:WB:subnational-population:20221106
EC-Y,ECU_Pastaza_EC.PA_1152_ECU018,World Bank,OEF:WB:subnational-population:20221106
EC-SE,ECU_Santa_Elena_EC.SE_22007_ECU024,World Bank,OEF:WB:subnational-population:20221106
EC-Z,ECU_Zamora_Chinchipe_EC.ZC_1156_ECU022,World Bank,OEF:WB:subnational-population:20221106
EG-ALX,EGY_Alexandria_EG.IK_61510_EGY006,World Bank,OEF:WB:subnational-population:20221106
EG-GZ,EGY_Giza_EG.JZ_61520_EGY007,World Bank,OEF:WB:subnational-population:20221106
EG-LX,EGY_Luxor_EG.UQ_61524_EGY027,World Bank,OEF:WB:subnational-population:20221106
EG-MN,EGY_Menia_EG.MN_61526_EGY009,World Bank,OEF:WB:subnational-population:20221106
EG-WAD,EGY_New Valley_EG.WJ_61528_EGY012,World Bank,OEF:WB:subnational-population:20221106
EG-PTS,EGY_Port Said_EG.BS_61530_EGY019,World Bank,OEF:WB:subnational-population:20221106
EG-BA,EGY_Red Sea_EG.BA_61532_EGY002,World Bank,OEF:WB:subnational-population:20221106
EG-JS,EGY_South Sinai_EG.JS_61534_EGY021,World Bank,OEF:WB:subnational-population:20221106
SV-CA,SLV_Cabanas_SV.CA_1185_SLV002,World Bank,OEF:WB:subnational-population:20221106
SV-CU,SLV_Cuscatlan_SV.CU_1187_SLV004,World Bank,OEF:WB:subnational-population:20221106
SV-PA,SLV_La_Paz_SV.PA_1189_SLV006,World Bank,OEF:WB:subnational-population:20221106
SV-MO,SLV_Morazan_SV.MO_1191_SLV008,World Bank,OEF:WB:subnational-population:20221106
SV-SS,SLV_San_Salvador_SV.SS_1193_SLV010,World Bank,OEF:WB:subnational-population:20221106
SV-SA,SLV_Santa_Ana_SV.SA_1195_SLV012,World Bank,OEF:WB:subnational-population:20221106
SV-US,SLV_Usulutan_SV.US_1197_SLV014,World Bank,OEF:WB:subnational-population:20221106
ET-AA,ETH_Addis_Ababa_ET.AA_1227_ETH001,World Bank,OEF:WB:subnational-population:20221106
ET-AM,ETH_Amhara_ET.AM_1229_ETH003,World Bank,OEF:WB:subnational-population:20221106
ET-DD,ETH_Dire_Dawa_ET.DD_1231_ETH005,World Bank,OEF:WB:subnational-population:20221106
ET-SN,ETH_SNNPR_ET.SN_1236_ETH010,World Bank,OEF:WB:subnational-population:20221106
ET-HA,ETH_Hareri_ET.HA_1233_ETH007,World Bank,OEF:WB:subnational-population:20221106
ET-TI,ETH_Tigray_ET.TI_1237_ETH011,World Bank,OEF:WB:subnational-population:20221106
GE-GU,GEO_Guria_GE.GU_1298_GEO003,World Bank,OEF:WB:subnational-population:20221106
GE-KA,GEO_Kakheti_GE.KA_1300_GEO005,World Bank,OEF:WB:subnational-population:20221106
GE-MM,GEO_Mtskheta-Mtianeti_GE.MM_1302_GEO007,World Bank,OEF:WB:subnational-population:20221106
GE-TB,GEO_Tbilisi_GE.TB_1307_GEO012,World Bank,OEF:WB:subnational-population:20221106
GH-EP,GHA_Eastern_GH.EA_1327_GHA004,World Bank,OEF:WB:subnational-population:20221106
GH-NP,GHA_Northern_GH.NO_1329_GHA006,World Bank,OEF:WB:subnational-population:20221106
GH-UW,GHA_Upper_West_GH.UW_1331_GHA008,World Bank,OEF:WB:subnational-population:20221106
GH-WP,GHA_Western_GH.WP_1333_GHA0010,World Bank,OEF:WB:subnational-population:20221106
GT-15,GTM_Baja_Verapaz_GT.BV_64835_GTM002,World Bank,OEF:WB:subnational-population:20221106
GT-20,GTM_Chiquimula_GT.CQ_64840_GTM004,World Bank,OEF:WB:subnational-population:20221106
GT-05,GTM_Escuintla_GT.ES_64825_GTM006,World Bank,OEF:WB:subnational-population:20221106
GT-13,GTM_Huehuetenango_GT.HU_64833_GTM008,World Bank,OEF:WB:subnational-population:20221106
GT-21,GTM_Jalapa_GT.JA_64841_GTM010,World Bank,OEF:WB:subnational-population:20221106
GT-06,GTM_Santa_Rosa_GT.SR_64826_GTM018,World Bank,OEF:WB:subnational-population:20221106
GT-19,GTM_Zacapa_GT.ZA_64839_GTM022,World Bank,OEF:WB:subnational-population:20221106
GN-CO,GIN_Conakry_GN.CO_40701_GIN002,World Bank,OEF:WB:subnational-population:20221106
GN-KA,GIN_Kankan_GN.KA_40703_GIN004,World Bank,OEF:WB:subnational-population:20221106
GN-LA,GIN_Labe_GN.LA_40705_GIN006,World Bank,OEF:WB:subnational-population:20221106
GN-NZ,GIN_Nzerekore_GN.NZ_40707_GIN008,World Bank,OEF:WB:subnational-population:20221106
GW-BM,GNB_Biombo_GW.BM_1386_GNB002,World Bank,OEF:WB:subnational-population:20221106
GW-CA,GNB_Cacheu_GW.CA_1388_GNB004,World Bank,OEF:WB:subnational-population:20221106
GW-OI,GNB_Oio_GW.OI_1390_GNB006,World Bank,OEF:WB:subnational-population:20221106
GW-BS,GNB_Bissau_GW.BS_1392_GNB008,World Bank,OEF:WB:subnational-population:20221106
HN-CH,HND_Choluteca_HN.CH_1421_HND002,World Bank,OEF:WB:subnational-population:20221106
HN-CM,HND_Comayagua_HN.CM_1423_HND004,World Bank,OEF:WB:subnational-population:20221106
HN-CR,HND_Cortes_HN.CR_1425_HND006,World Bank,OEF:WB:subnational-population:20221106
HN-LE,HND_Lempira_HN.LE_1431_HND013,World Bank,OEF:WB:subnational-population:20221106
HN-OL,HND_Olancho_HN.OL_1434_HND015,World Bank,OEF:WB:subnational-population:20221106
HN-YO,HND_Yoro_HN.YO_1438_HND019,World Bank,OEF:WB:subnational-population:20221106
HU-BA,HUN_Baranya_HU.BA_1441_HUN002,World Bank,OEF:WB:subnational-population:20221106
HU-BZ,HUN_Borsod-abauj-zemplen_HU.BZ_1443_HUN004,World Bank,OEF:WB:subnational-population:20221106
HU-CS,HUN_Csongrad_HU.CS_1445_HUN006,World Bank,OEF:WB:subnational-population:20221106
HU-GS,HUN_Gyor-moson-sopron_HU.GS_1447_HUN008,World Bank,OEF:WB:subnational-population:20221106
HU-HE,HUN_Heves_HU.HE_1449_HUN010,World Bank,OEF:WB:subnational-population:20221106
HU-KE,HUN_Komarom-esztergom_HU.KE_1451_HUN012,World Bank,OEF:WB:subnational-population:20221106
HU-PE,HUN_Pest_HU.PE_1453_HUN014,World Bank,OEF:WB:subnational-population:20221106
HU-SZ,HUN_Szabolcs-szatmar-bereg_HU.SZ_1455_HUN016,World Bank,OEF:WB:subnational-population:20221106
HU-VA,HUN_Vas_HU.VA_1457_HUN018,World Bank,OEF:WB:subnational-population:20221106
HU-ZA,HUN_Zala_HU.ZA_1459_HUN020,World Bank,OEF:WB:subnational-population:20221106
IN-AP,IND_Andhra_Pradesh_IN.AP_1485_IND002,World Bank,OEF:WB:subnational-population:20221106
IN-AS,IND_Assam_IN.AS_1487_IND004,World Bank,OEF:WB:subnational-population:20221106
IN-CH,IND_Chandigarh_IN.CH_70074_IND006,World Bank,OEF:WB:subnational-population:20221106
IN-DL,IND_Delhi_IN.DL_1489_IND009,World Bank,OEF:WB:subnational-population:20221106
IN-GJ,IND_Gujarat_IN.GJ_1491_IND011,World Bank,OEF:WB:subnational-population:20221106
IN-JH,IND_Jharkhand_IN.JH_70078_IND038,World Bank,OEF:WB:subnational-population:20221106
IN-KL,IND_Kerala_IN.KL_1495_IND016,World Bank,OEF:WB:subnational-population:20221106
IN-MP,IND_Madhya_Pradesh_IN.MP_70079_IND018,World Bank,OEF:WB:subnational-population:20221106
IN-MN,IND_Manipur_IN.MN_1500_IND020,World Bank,OEF:WB:subnational-population:20221106
IN-MZ,IND_Mizoram_IN.MZ_1502_IND022,World Bank,OEF:WB:subnational-population:20221106
IN-OR,IND_Orissa_IN.OR_1504_IND024,World Bank,OEF:WB:subnational-population:20221106
IN-PB,IND_Punjab_IN.PB_1505_IND026,World Bank,OEF:WB:subnational-population:20221106
IN-SK,IND_Sikkim_IN.SK_1507_IND028,World Bank,OEF:WB:subnational-population:20221106
IN-TR,IND_Tripura_IN.TR_1509_IND030,World Bank,OEF:WB:subnational-population:20221106
IN-UT,IND_Uttarakhand_IN.UT_70082_IND031,World Bank,OEF:WB:subnational-population:20221106
IQ-AN,IRQ_Anbar_IQ.AN_1564_IRQ007,World Bank,OEF:WB:subnational-population:20221106
IQ-BG,IRQ_Baghdad_IQ.BG_1572_IRQ010,World Bank,OEF:WB:subnational-population:20221106
IQ-DA,IRQ_Dahuk_IQ.DA_1574_IRQ013,World Bank,OEF:WB:subnational-population:20221106
IQ-MU,IRQ_Muthanna_IQ.MU_1566_IRQ002,World Bank,OEF:WB:subnational-population:20221106
IQ-NI,IRQ_Ninewa_IQ.NI_1578_IRQ012,World Bank,OEF:WB:subnational-population:20221106
IQ-DQ,IRQ_Thi-Qar_IQ.DQ_1573_IRQ017,World Bank,OEF:WB:subnational-population:20221106
JM-13,JAM_Clarendon_JM.CL_1636_JAM001,World Bank,OEF:WB:subnational-population:20221106
JM-12,JAM_Manchester_JM.MA_1638_JAM003,World Bank,OEF:WB:subnational-population:20221106
JM-11,JAM_Saint_Elizabeth_JM.SE_1643_JAM008,World Bank,OEF:WB:subnational-population:20221106
JM-05,JAM_Saint_Mary_JM.SM_1645_JAM010,World Bank,OEF:WB:subnational-population:20221106
JM-07,JAM_Trelawny_JM.TR_1647_JAM012,World Bank,OEF:WB:subnational-population:20221106
JO-AJ,JOR_Ajloon_JO.AJ_1701_JOR001,World Bank,OEF:WB:subnational-population:20221106
JO-AQ,JOR_Aqaba_JO.AQ_1703_JOR002,World Bank,OEF:WB:subnational-population:20221106
JO-IR,JOR_Irbid_JO.IR_1707_JOR009,World Bank,OEF:WB:subnational-population:20221106
JO-KA,JOR_Karak_JO.KA_1704_JOR003,World Bank,OEF:WB:subnational-population:20221106
JO-MD,JOR_Madaba_JO.MD_1710_JOR012,World Bank,OEF:WB:subnational-population:20221106
JO-AT,JOR_Tafiela_JO.AT_1706_JOR008,World Bank,OEF:WB:subnational-population:20221106
LA-BK,LAO_Bokeo_LA.BK_1754_LAO002,World Bank,OEF:WB:subnational-population:20221106
LA-CH,LAO_Champasak_LA.CH_1756_LAO004,World Bank,OEF:WB:subnational-population:20221106
LA-KH,LAO_Khammouan_LA.KH_1758_LAO006,World Bank,OEF:WB:subnational-population:20221106
LA-LP,LAO_Louangphabang_LA.LP_1759_LAO008,World Bank,OEF:WB:subnational-population:20221106
LA-PH,LAO_Phongsali_LA.PH_1762_LAO010,World Bank,OEF:WB:subnational-population:20221106
LA-SV,LAO_Savannakhet_LA.SV_1764_LAO012,World Bank,OEF:WB:subnational-population:20221106
LA-XE,LAO_Xekong_LA.XE_1766_LAO017,World Bank,OEF:WB:subnational-population:20221106
LS-D,LSO_Berea_LS.BE_1803_LSO001,World Bank,OEF:WB:subnational-population:20221106
LS-C,LSO_Leribe_LS.LE_1805_LSO003,World Bank,OEF:WB:subnational-population:20221106
LS-A,LSO_Maseru_LS.MS_1807_LSO005,World Bank,OEF:WB:subnational-population:20221106
LS-J,LSO_Mokhotlong_LS.MK_1809_LSO007,World Bank,OEF:WB:subnational-population:20221106
LS-G,LSO_Quthing_LS.QT_1811_LSO009,World Bank,OEF:WB:subnational-population:20221106
LR-BM,LBR_Bomi_LR.BM_1814_LBR001,World Bank,OEF:WB:subnational-population:20221106
LR-GP,LBR_Gbarpolu_LR.GP_1816_LBR003,World Bank,OEF:WB:subnational-population:20221106
LR-CM,LBR_Grand_Cape_Mount_LR.CM_1818_LBR005,World Bank,OEF:WB:subnational-population:20221106
LR-GK,LBR_Grand_Kru_LR.GK_1820_LBR007,World Bank,OEF:WB:subnational-population:20221106
LR-MG,LBR_Margibi_LR.MG_1822_LBR009,World Bank,OEF:WB:subnational-population:20221106
LR-MO,LBR_Montserrado_LR.MO_1824_LBR011,World Bank,OEF:WB:subnational-population:20221106
LR-RG,LBR_River_Gee_LR.RG_1827_LBR013,World Bank,OEF:WB:subnational-population:20221106
LR-SI,LBR_Sinoe_LR.SI_1828_LBR015,World Bank,OEF:WB:subnational-population:20221106
MW-N,MWI_Northern_Region_1889,World Bank,OEF:WB:subnational-population:20221106
ML-BKO,MLI_Bamako_District_81878,World Bank,OEF:WB:subnational-population:20221106
ML-1,MLI_Kayes_ML.KY_1928_MLI003,World Bank,OEF:WB:subnational-population:20221106
ML-2,MLI_Koulikoro_ML.KO_1930_MLI005,World Bank,OEF:WB:subnational-population:20221106
ML-6,MLI_Tombouctou_ML.TB_1934_MLI009,World Bank,OEF:WB:subnational-population:20221106
MR-03,MRT_Assaba_MR.AS_2005_MRT002,World Bank,OEF:WB:subnational-population:20221106
MX-AGU,MEX_Aguascalientes_MX.AG_2028_MEX001,World Bank,OEF:WB:subnational-population:20221106
MX-BCS,MEX_Baja_California_Sur_MX.BS_2030_MEX003,World Bank,OEF:WB:subnational-population:20221106
MX-CHP,MEX_Chiapas_MX.CP_2032_MEX005,World Bank,OEF:WB:subnational-population:20221106
MX-COA,MEX_Coahuila_MX.CA_2034_MEX007,World Bank,OEF:WB:subnational-population:20221106
MX-GUA,MEX_Guanajuato_MX.GJ_2038_MEX011,World Bank,OEF:WB:subnational-population:20221106
MX-HID,MEX_Hidalgo_MX.HI_2040_MEX013,World Bank,OEF:WB:subnational-population:20221106
MX-MOR,MEX_Morelos_MX.MR_2044_MEX017,World Bank,OEF:WB:subnational-population:20221106
MX-PUE,MEX_Puebla_MX.PU_2048_MEX021,World Bank,OEF:WB:subnational-population:20221106
MX-ROO,MEX_Quintana_Roo_MX.QR_2050_MEX023,World Bank,OEF:WB:subnational-population:20221106
MX-TAB,MEX_Tabasco_MX.TB_2054_MEX027,World Bank,OEF:WB:subnational-population:20221106
MX-SIN,MEX_Sinaloa_MX.SI_2052_MEX025,World Bank,OEF:WB:subnational-population:20221106
MX-TLA,MEX_Tlaxcala_MX.TL_2056_MEX029,World Bank,OEF:WB:subnational-population:20221106
MD-BS,MDA_Basarabeasca_MD.BS_41193_MDA003,World Bank,OEF:WB:subnational-population:20221106
MD-CA,MDA_Cahul_MD.CA_2063_MDA005,World Bank,OEF:WB:subnational-population:20221106
MD-CR,MDA_Criuleni_MD.CR_41176_MDA011,World Bank,OEF:WB:subnational-population:20221106
MD-DR,MDA_Drochia_MD.DR_41200_MDA013,World Bank,OEF:WB:subnational-population:20221106
MD-ED,MDA_Edinet_MD.ED_2067_MDA015,World Bank,OEF:WB:subnational-population:20221106
MD-FL,MDA_Floresti_MD.FL_41201_MDA017,World Bank,OEF:WB:subnational-population:20221106
MD-GL,MDA_Glodeni_MD.GL_41168_MDA019,World Bank,OEF:WB:subnational-population:20221106
MD-IA,MDA_Ialoveni_MD.IA_41177_MDA021,World Bank,OEF:WB:subnational-population:20221106
MD-NI,MDA_Nisporeni_MD.NI_41208_MDA023,World Bank,OEF:WB:subnational-population:20221106
MD-SD,MDA_Soldanesti_MD.SD_41202_MDA029,World Bank,OEF:WB:subnational-population:20221106
MD-TA,MDA_Taraclia_MD.TA_41173_MDA033,World Bank,OEF:WB:subnational-population:20221106
MN-067,MNG_Bulgan_MN.BU_2078_MNG004,World Bank,OEF:WB:subnational-population:20221106
MN-061,MNG_Dornod_MN.DD_2081_MNG006,World Bank,OEF:WB:subnational-population:20221106
MN-049,MNG_Selenge_MN.SL_2092_MNG017,World Bank,OEF:WB:subnational-population:20221106
MN-046,MNG_Uvs_MN.UV_2096_MNG021,World Bank,OEF:WB:subnational-population:20221106
ME-02,MNE_Bar_ME.BA_25351_MNE002,World Bank,OEF:WB:subnational-population:20221106
ME-04,MNE_Bijelo_Polje_ME.BP_25353_MNE004,World Bank,OEF:WB:subnational-population:20221106
ME-06,MNE_Cetinje_ME.CE_25355_MNE006,World Bank,OEF:WB:subnational-population:20221106
ME-10,MNE_Kotor_ME.KT_25359_MNE010,World Bank,OEF:WB:subnational-population:20221106
ME-14,MNE_Pljevlja_ME.PL_25363_MNE014,World Bank,OEF:WB:subnational-population:20221106
ME-16,MNE_Podgorica_ME.PG_25365_MNE016,World Bank,OEF:WB:subnational-population:20221106
ME-20,MNE_Ulcinj_ME.UL_25369_MNE020,World Bank,OEF:WB:subnational-population:20221106
MZ-P,MOZ_Cabo_Delgado_MZ.CD_2112_MOZ001,World Bank,OEF:WB:subnational-population:20221106
MZ-I,MOZ_Inhambane_MZ.IN_2114_MOZ003,World Bank,OEF:WB:subnational-population:20221106
MZ-L,MOZ_Maputo_MZ.MP_41373_MOZ005,World Bank,OEF:WB:subnational-population:20221106
MZ-N,MOZ_Nampula_MZ.NM_2118_MOZ007,World Bank,OEF:WB:subnational-population:20221106
MZ-S,MOZ_Sofala_MZ.SO_2120_MOZ009,World Bank,OEF:WB:subnational-population:20221106
MM-02,MMR_Bago_41782,World Bank,OEF:WB:subnational-population:20221106
MM-11,MMR_Kachin_MM.KC_2127_MMR005,World Bank,OEF:WB:subnational-population:20221106
MM-13,MMR_Kayin_MM.KN_2128_MMR007,World Bank,OEF:WB:subnational-population:20221106
MM-04,MMR_Mandalay_41802,World Bank,OEF:WB:subnational-population:20221106
MM-01,MMR_Sagaing_MM.SA_2133_MMR012,World Bank,OEF:WB:subnational-population:20221106
NP-1,NPL_Central_NP.MM_2152_NPL001,World Bank,OEF:WB:subnational-population:20221106
NP-5,NPL_Far_Western_NP.SP_2154_NPL003,World Bank,OEF:WB:subnational-population:20221106
NP-3,NPL_Western_NP.PM_2156_NPL005,World Bank,OEF:WB:subnational-population:20221106
NI-CA,NIC_Carazo_NI.CA_2188_NIC002,World Bank,OEF:WB:subnational-population:20221106
NI-CO,NIC_Chontales_NI.CO_2190_NIC004,World Bank,OEF:WB:subnational-population:20221106
NI-GR,NIC_Granada_22459,World Bank,OEF:WB:subnational-population:20221106
NI-LE,NIC_Leon_NI.LE_2194_NIC008,World Bank,OEF:WB:subnational-population:20221106
NI-MN,NIC_Managua_NI.MN_2196_NIC010,World Bank,OEF:WB:subnational-population:20221106
NI-MT,NIC_Matagalpa_22508,World Bank,OEF:WB:subnational-population:20221106
NG-AB,NGA_Abia_NG.AB_65698_NGA001,World Bank,OEF:WB:subnational-population:20221106
NG-AD,NGA_Adamawa_NG.AD_2211_NGA002,World Bank,OEF:WB:subnational-population:20221106
NG-AN,NGA_Anambra_NG.AN_2213_NGA004,World Bank,OEF:WB:subnational-population:20221106
NG-BY,NGA_Bayelsa_NG.BY_65700_NGA006,World Bank,OEF:WB:subnational-population:20221106
NG-BO,NGA_Borno_NG.BO_2216_NGA008,World Bank,OEF:WB:subnational-population:20221106
NG-DE,NGA_Delta_NG.DE_2218_NGA010,World Bank,OEF:WB:subnational-population:20221106
NG-ED,NGA_Edo_NG.ED_2219_NGA012,World Bank,OEF:WB:subnational-population:20221106
NG-EN,NGA_Enugu_NG.EN_65703_NGA014,World Bank,OEF:WB:subnational-population:20221106
NG-IM,NGA_Imo_NG.IM_2222_NGA017,World Bank,OEF:WB:subnational-population:20221106
NG-KD,NGA_Kaduna_NG.KD_2224_NGA019,World Bank,OEF:WB:subnational-population:20221106
NG-KT,NGA_Katsina_NG.KT_2226_NGA021,World Bank,OEF:WB:subnational-population:20221106
NG-KO,NGA_Kogi_NG.KO_2228_NGA023,World Bank,OEF:WB:subnational-population:20221106
NG-LA,NGA_Lagos_NG.LA_2230_NGA025,World Bank,OEF:WB:subnational-population:20221106
NG-NI,NGA_Niger_NG.NI_2231_NGA027,World Bank,OEF:WB:subnational-population:20221106
NG-ON,NGA_Ondo_NG.ON_65706_NGA029,World Bank,OEF:WB:subnational-population:20221106
NG-OY,NGA_Oyo_NG.OY_2235_NGA031,World Bank,OEF:WB:subnational-population:20221106
NG-RI,NGA_Rivers_NG.RI_65708_NGA033,World Bank,OEF:WB:subnational-population:20221106
NG-TA,NGA_Taraba_NG.TA_2239_NGA035,World Bank,OEF:WB:subnational-population:20221106
NG-ZA,NGA_Zamfara_NG.ZA_65710_NGA037,World Bank,OEF:WB:subnational-population:20221106
PA-EM,PAN_Embera_PA.EM_93671_PAN009,World Bank,OEF:WB:subnational-population:20221106
PA-KY,PAN_Kuna_Yala_PA.SB_2284_PAN005,World Bank,OEF:WB:subnational-population:20221106
PA-NB,PAN_Ngobe-Bugle_PA.NB_93672_PAN010,World Bank,OEF:WB:subnational-population:20221106
PA-9,PAN_Veraguas_PA.VR_93673_PAN013,World Bank,OEF:WB:subnational-population:20221106
PE-ANC,PER_Ancash_PE.AN_2329_PER002,World Bank,OEF:WB:subnational-population:20221106
PE-ARE,PER_Arequipa_PE.AR_2331_PER005,World Bank,OEF:WB:subnational-population:20221106
PE-CAJ,PER_Cajamarca_PE.CJ_2333_PER011,World Bank,OEF:WB:subnational-population:20221106
PE-CUS,PER_Cusco_PE.CS_2335_PER012,World Bank,OEF:WB:subnational-population:20221106
PE-JUN,PER_Junin_PE.JU_2339_PER008,World Bank,OEF:WB:subnational-population:20221106
PE-LAM,PER_Lambayeque_PE.LB_2341_PER016,World Bank,OEF:WB:subnational-population:20221106
PE-LOR,PER_Loreto_PE.LO_2343_PER018,World Bank,OEF:WB:subnational-population:20221106
PE-MOQ,PER_Moquegua_PE.MQ_2345_PER020,World Bank,OEF:WB:subnational-population:20221106
PE-PIU,PER_Piura_PE.PI_2347_PER022,World Bank,OEF:WB:subnational-population:20221106
PE-SAM,PER_San_Martin_PE.SM_2349_PER009,World Bank,OEF:WB:subnational-population:20221106
PE-TUM,PER_Tumbes_PE.TU_2351_PER025,World Bank,OEF:WB:subnational-population:20221106
PL-16,POL_Opolskie_PL.OP_2377_POL008,World Bank,OEF:WB:subnational-population:20221106
PL-20,POL_Podlaskie_PL.PD_2379_POL030,World Bank,OEF:WB:subnational-population:20221106
RW-02,RWA_Eastern_RW.ES_21969_RWA001,World Bank,OEF:WB:subnational-population:20221106
RW-03,RWA_Northern_RW.NO_21971_RWA003,World Bank,OEF:WB:subnational-population:20221106
RW-04,RWA_Western_RW.OU_21973_RWA005,World Bank,OEF:WB:subnational-population:20221106
SN-KA,SEN_Kaffrine_SN.KF_1378_SEN002,World Bank,OEF:WB:subnational-population:20221106
SN-DB,SEN_Diourbel_SN.DB_47585_SEN011,World Bank,OEF:WB:subnational-population:20221106
SN-LG,SEN_Louga_SN.LG_47587_SEN013,World Bank,OEF:WB:subnational-population:20221106
SN-SL,SEN_Saint-Louis_SN.ST_47589_SEN007,World Bank,OEF:WB:subnational-population:20221106
SN-TC,SEN_Tambacounda_SN.TB_1377_SEN008,World Bank,OEF:WB:subnational-population:20221106
SN-ZG,SEN_Ziguinchor_SN.ZG_2645_SEN010,World Bank,OEF:WB:subnational-population:20221106
SL-N,SLE_Northern_SL.NO_2655_SLE002,World Bank,OEF:WB:subnational-population:20221106
SK-BL,SVK_Bratislava_SK.BL_2668_SVK002,World Bank,OEF:WB:subnational-population:20221106
SK-NI,SVK_Nitra_SK.NI_2670_SVK004,World Bank,OEF:WB:subnational-population:20221106
SK-TC,SVK_Trencin_SK.TC_2672_SVK006,World Bank,OEF:WB:subnational-population:20221106
SK-ZI,SVK_Zilna_SK.ZI_2674_SVK008,World Bank,OEF:WB:subnational-population:20221106
ZA-FS,ZAF_Free_State_ZA.FS_2707_ZAF002,World Bank,OEF:WB:subnational-population:20221106
ZA-KZN,ZAF_KwaZulu-Natal_ZA.NL_77311_ZAF004,World Bank,OEF:WB:subnational-population:20221106
ZA-NC,ZAF_Northern_Cape_ZA.NC_77315_ZAF006,World Bank,OEF:WB:subnational-population:20221106
ZA-MP,ZAF_Mpumalanga_ZA.MP_77313_ZAF005,World Bank,OEF:WB:subnational-population:20221106
SS-EC,SSD_Central_Equatoria_SS.BG_2748_SSD001,World Bank,OEF:WB:subnational-population:20221106
SS-WR,SSD_Warab_SS.WR_2765_SSD008,World Bank,OEF:WB:subnational-population:20221106
SS-EW,SSD_Western_Equatoria_SS.WE_2768_SSD010,World Bank,OEF:WB:subnational-population:20221106
SD-GD,SDN_Gadaref_SD.GD_68805_SDN003,World Bank,OEF:WB:subnational-population:20221106
SD-KH,SDN_Khartoum_SD.KH_2753_SDN009,World Bank,OEF:WB:subnational-population:20221106
SD-NO,SDN_Northern_SD.NO_2755_SDN010,World Bank,OEF:WB:subnational-population:20221106
SD-SI,SDN_Sennar_SD.SI_2762_SDN014,World Bank,OEF:WB:subnational-population:20221106
SY-HL,SYR_Aleppo_SY.HL_2834_SYR002,World Bank,OEF:WB:subnational-population:20221106
SY-RD,SYR_Damascus_SY.RD_2837_SYR003,World Bank,OEF:WB:subnational-population:20221106
SY-DR,SYR_Dara_SY.DR_2838_SYR010,World Bank,OEF:WB:subnational-population:20221106
SY-HM,SYR_Hama_SY.HM_2840_SYR006,World Bank,OEF:WB:subnational-population:20221106
SY-HI,SYR_Homs_SY.HI_2842_SYR007,World Bank,OEF:WB:subnational-population:20221106
SY-LA,SYR_Lattakia_SY.LA_2844_SYR009,World Bank,OEF:WB:subnational-population:20221106
SY-TA,SYR_Tartous_SY.TA_2846_SYR014,World Bank,OEF:WB:subnational-population:20221106
TH-15,THA_Ang_Thong_TH.AT_2852_THA002,World Bank,OEF:WB:subnational-population:20221106
TH-22,THA_Chanthaburi_TH.CT_2858_THA007,World Bank,OEF:WB:subnational-population:20221106
TH-57,THA_Chiang_Rai_TH.CR_2860_THA009,World Bank,OEF:WB:subnational-population:20221106
TH-86,THA_Chumphon_TH.CP_2862_THA011,World Bank,OEF:WB:subnational-population:20221106
TH-40,THA_Khon_Kaen_TH.KK_2866_THA015,World Bank,OEF:WB:subnational-population:20221106
TH-52,THA_Lampang_TH.LG_2868_THA018,World Bank,OEF:WB:subnational-population:20221106
TH-42,THA_Loei_TH.LE_2870_THA020,World Bank,OEF:WB:subnational-population:20221106
TH-58,THA_Mae_Hong_Son_TH.MH_2872_THA022,World Bank,OEF:WB:subnational-population:20221106
TH-49,THA_Mukdahan_TH.MD_2874_THA024,World Bank,OEF:WB:subnational-population:20221106
TH-73,THA_Nakhon_Pathom_TH.NP_2876_THA026,World Bank,OEF:WB:subnational-population:20221106
TH-30,THA_Nakhon_Ratchasima_TH.NR_2878_THA028,World Bank,OEF:WB:subnational-population:20221106
TH-80,THA_Nakhon_Si_Thammarat_TH.NT_2880_THA030,World Bank,OEF:WB:subnational-population:20221106
TH-96,THA_Narathiwat_TH.NW_2882_THA032,World Bank,OEF:WB:subnational-population:20221106
TH-43,THA_Nong_Khai_TH.NK_2884_THA034,World Bank,OEF:WB:subnational-population:20221106
TH-13,THA_Pathum_Thani_TH.PT_2886_THA036,World Bank,OEF:WB:subnational-population:20221106
TH-93,THA_Phatthalung_TH.PL_2890_THA039,World Bank,OEF:WB:subnational-population:20221106
TH-67,THA_Phetchabun_TH.PH_2892_THA041,World Bank,OEF:WB:subnational-population:20221106
TH-66,THA_Phichit_TH.PC_2894_THA043,World Bank,OEF:WB:subnational-population:20221106
TH-83,THA_Phuket_TH.PU_2898_THA047,World Bank,OEF:WB:subnational-population:20221106
TH-85,THA_Ranong_TH.RN_2900_THA050,World Bank,OEF:WB:subnational-population:20221106
TH-21,THA_Rayong_TH.RY_2902_THA052,World Bank,OEF:WB:subnational-population:20221106
TH-27,THA_Sa_Kaeo_TH.SK_2904_THA054,World Bank,OEF:WB:subnational-population:20221106
TH-91,THA_Satun_TH.SA_2910_THA060,World Bank,OEF:WB:subnational-population:20221106
TH-64,THA_Sukhothai_TH.SO_2914_THA064,World Bank,OEF:WB:subnational-population:20221106
TH-84,THA_Surat_Thani_TH.ST_2916_THA066,World Bank,OEF:WB:subnational-population:20221106
TH-63,THA_Tak_TH.TK_2918_THA068,World Bank,OEF:WB:subnational-population:20221106
TH-92,THA_Trang_TH.TG_2920_THA069,World Bank,OEF:WB:subnational-population:20221106
TH-41,THA_Udon_Thani_TH.UN_2922_THA072,World Bank,OEF:WB:subnational-population:20221106
TH-53,THA_Uttaradit_TH.UD_2924_THA074,World Bank,OEF:WB:subnational-population:20221106
TH-35,THA_Yasothon_TH.YS_2926_THA076,World Bank,OEF:WB:subnational-population:20221106
TG-K,TGO_Kara_TG.KA_2971_TGO002,World Bank,OEF:WB:subnational-population:20221106
TG-P,TGO_Plateaux_TG.PL_977_TGO004,World Bank,OEF:WB:subnational-population:20221106
TT-ARI,TTO_Arima_TT.AR_2977_TTO001,World Bank,OEF:WB:subnational-population:20221106
TT-CTT,TTO_Couva-Tabaquite-Talparo_TT.CT_2979_TTO003,World Bank,OEF:WB:subnational-population:20221106
TT-PTF,TTO_Point_Fortin_TT.PF_2982_TTO006,World Bank,OEF:WB:subnational-population:20221106
TT-PRT,TTO_Princes_Town_TT.PT_2984_TTO008,World Bank,OEF:WB:subnational-population:20221106
TT-SFO,TTO_San_Fernando_TT.SF_2986_TTO010,World Bank,OEF:WB:subnational-population:20221106
TT-SGE,TTO_Sangre_Grande_TT.SN_2988_TTO012,World Bank,OEF:WB:subnational-population:20221106
TT-TUP,TTO_Tunapuna-Piarco_TT.TU_2991_TTO014,World Bank,OEF:WB:subnational-population:20221106
TN-13,TUN_Ben_Arous_TN.BA_2994_TUN003,World Bank,OEF:WB:subnational-population:20221106
TN-32,TUN_Jendouba_TN.JE_2999_TUN007,World Bank,OEF:WB:subnational-population:20221106
TN-42,TUN_Kasserine_TN.KS_3001_TUN009,World Bank,OEF:WB:subnational-population:20221106
TN-33,TUN_Le_Kef_TN.KF_3003_TUN011,World Bank,OEF:WB:subnational-population:20221106
TN-52,TUN_Monastir_TN.MS_3006_TUN015,World Bank,OEF:WB:subnational-population:20221106
TN-61,TUN_Sfax_TN.SF_3009_TUN017,World Bank,OEF:WB:subnational-population:20221106
TN-34,TUN_Siliana_TN.SL_3011_TUN019,World Bank,OEF:WB:subnational-population:20221106
TN-83,TUN_Tataouine_TN.TA_3013_TUN021,World Bank,OEF:WB:subnational-population:20221106
TN-11,TUN_Tunis_TN.TU_3015_TUN023,World Bank,OEF:WB:subnational-population:20221106
UY-CA,URY_Canelones_UY.CA_3266_URY002,World Bank,OEF:WB:subnational-population:20221106
UY-CO,URY_Colonia_UY.CO_3268_URY004,World Bank,OEF:WB:subnational-population:20221106
UY-FS,URY_Flores_UY.FS_3270_URY006,World Bank,OEF:WB:subnational-population:20221106
UY-LA,URY_Lavalleja_UY.LA_3272_URY008,World Bank,OEF:WB:subnational-population:20221106
UY-MO,URY_Montevideo_UY.MO_3274_URY010,World Bank,OEF:WB:subnational-population:20221106
UY-RO,URY_Rocha_UY.RO_3278_URY014,World Bank,OEF:WB:subnational-population:20221106
UY-TA,URY_Tacuarembo_UY.TA_3282_URY018,World Bank,OEF:WB:subnational-population:20221106
UZ-AN,UZB_Andijan_UZ.AN_3284_UZB001,World Bank,OEF:WB:subnational-population:20221106
UZ-FA,UZB_Fergana_UZ.FA_3286_UZB003,World Bank,OEF:WB:subnational-population:20221106
UZ-QR,UZB_Karakalpakstan_UZ.QR_3287_UZB005,World Bank,OEF:WB:subnational-population:20221106
UZ-NW,UZB_Navoiy_UZ.NW_39697_UZB009,World Bank,OEF:WB:subnational-population:20221106
UZ-SI,UZB_Sirdarya_UZ.SI_3294_UZB011,World Bank,OEF:WB:subnational-population:20221106
YE-AB,YEM_Abyan_YE.AB_3407_YEM002,World Bank,OEF:WB:subnational-population:20221106
YE-AD,YEM_Aden_YE.AD_144973_YEM005,World Bank,OEF:WB:subnational-population:20221106
YE-DH,YEM_Dhamar_YE.DH_3416_YEM014,World Bank,OEF:WB:subnational-population:20221106
YE-HJ,YEM_Hajjah_YE.HJ_3418_YEM011,World Bank,OEF:WB:subnational-population:20221106
YE-LA,YEM_Lahj_YE.LA_3420_YEM013,World Bank,OEF:WB:subnational-population:20221106
YE-RA,YEM_Raymah_YE.RA_144971_YEM021,World Bank,OEF:WB:subnational-population:20221106
YE-SN,YEM_Sanaa_YE.SN_144972_YEM016,World Bank,OEF:WB:subnational-population:20221106
ZM-08,ZMB_Copperbelt_ZM.CO_3427_ZMB002,World Bank,OEF:WB:subnational-population:20221106
YE-TA,YEM_Taizz_YE.TA_3425_YEM019,World Bank,OEF:WB:subnational-population:20221106
ZM-04,ZMB_Luapula_ZM.LP_3429_ZMB004,World Bank,OEF:WB:subnational-population:20221106
ZM-10,ZMB_Muchinga_ZM.MU_3435.7_ZMB010,World Bank,OEF:WB:subnational-population:20221106
ZM-05,ZMB_Northern_ZM.NO_3432_ZMB006,World Bank,OEF:WB:subnational-population:20221106
ZM-01,ZMB_Western_ZM.WE_3434_ZMB009,World Bank,OEF:WB:subnational-population:20221106
ZW-HA,ZWE_Harare_ZW.HA_3436_ZWE002,World Bank,OEF:WB:subnational-population:20221106
ZW-MC,ZWE_Mashonaland_Central_ZW.MC_3438_ZWE004,World Bank,OEF:WB:subnational-population:20221106
ZW-MW,ZWE_Mashonaland_West_ZW.MW_3440_ZWE006,World Bank,OEF:WB:subnational-population:20221106
ZW-MI,ZWE_Midlands_ZW.MI_3444_ZWE010,World Bank,OEF:WB:subnational-population:20221106
ZW-MN,ZWE_Matabeleland_North_ZW.MN_69549_ZWE008,World Bank,OEF:WB:subnational-population:20221106
ZW-MS,ZWE_Matabeleland_South_ZW.MS_3443_ZWE009,World Bank,OEF:WB:subnational-population:20221106
ZW-MV,ZWE_Masvingo_ZW.MV_3441_ZWE007,World Bank,OEF:WB:subnational-population:20221106
ZW-ME,ZWE_Mashonaland_East_ZW.ME_69550_ZWE005,World Bank,OEF:WB:subnational-population:20221106
ZW-MA,ZWE_Manicaland_ZW.MA_3437_ZWE003,World Bank,OEF:WB:subnational-population:20221106
ZW-BU,ZWE_Bulawayo_ZW.BU_3435_ZWE001,World Bank,OEF:WB:subnational-population:20221106
ZM-07,ZMB_Southern_ZM.SO_3433_ZMB008,World Bank,OEF:WB:subnational-population:20221106
ZM-06,ZMB_North-Western_ZM.NW_3431_ZMB007,World Bank,OEF:WB:subnational-population:20221106
ZM-09,ZMB_Lusaka_ZM.LS_3430_ZMB005,World Bank,OEF:WB:subnational-population:20221106
ZM-03,ZMB_Eastern_ZM.EA_3428_ZMB003,World Bank,OEF:WB:subnational-population:20221106
ZM-02,ZMB_Central_ZM.CE_3426_ZMB001,World Bank,OEF:WB:subnational-population:20221106
YE-SH,YEM_Shabwah_YE.SH_3424_YEM018,World Bank,OEF:WB:subnational-population:20221106
YE-SD,YEM_Saada_YE.SD_3422_YEM020,World Bank,OEF:WB:subnational-population:20221106
YE-MA,YEM_Marib_YE.MA_3421_YEM015,World Bank,OEF:WB:subnational-population:20221106
YE-HD,YEM_Hadramaut_YE.HD_144970_YEM010,World Bank,OEF:WB:subnational-population:20221106
YE-IB,YEM_Ibb_YE.IB_3419_YEM012,World Bank,OEF:WB:subnational-population:20221106
YE-AM,YEM_Amran_YE.AM_3415_YEM009,World Bank,OEF:WB:subnational-population:20221106
YE-JA,YEM_Al_Jawf_YE.JA_3412_YEM003,World Bank,OEF:WB:subnational-population:20221106
UZ-SU,UZB_Surkhandarya_UZ.SU_3293_UZB012,World Bank,OEF:WB:subnational-population:20221106
UZ-SA,UZB_Samarkand_UZ.SA_3292_UZB010,World Bank,OEF:WB:subnational-population:20221106
UZ-NG,UZB_Namangan_UZ.NG_3291_UZB008,World Bank,OEF:WB:subnational-population:20221106
UZ-QA,UZB_Kashkadarya_UZ.QA_3288_UZB006,World Bank,OEF:WB:subnational-population:20221106
UZ-JI,UZB_Jizzakh_UZ.JI_39696_UZB004,World Bank,OEF:WB:subnational-population:20221106
UZ-BU,UZB_Bukhara_UZ.BU_3285_UZB002,World Bank,OEF:WB:subnational-population:20221106
UY-SO,URY_Soriano_UY.SO_3281_URY017,World Bank,OEF:WB:subnational-population:20221106
UY-SA,URY_Salto_UY.SA_3279_URY015,World Bank,OEF:WB:subnational-population:20221106
UY-RV,URY_Rivera_UY.RV_3277_URY013,World Bank,OEF:WB:subnational-population:20221106
UY-PA,URY_Paysandu_UY.PA_3275_URY011,World Bank,OEF:WB:subnational-population:20221106
UY-MA,URY_Maldonado_UY.MA_3273_URY009,World Bank,OEF:WB:subnational-population:20221106
UY-FD,URY_Florida_UY.FD_3271_URY007,World Bank,OEF:WB:subnational-population:20221106
UY-DU,URY_Durazno_UY.DU_3269_URY005,World Bank,OEF:WB:subnational-population:20221106
UY-CL,URY_Cerro_Largo_UY.CL_3267_URY003,World Bank,OEF:WB:subnational-population:20221106
UY-AR,URY_Artigas_UY.AR_3265_URY001,World Bank,OEF:WB:subnational-population:20221106
TN-22,TUN_Zaghouan_TN.ZA_3016_TUN024,World Bank,OEF:WB:subnational-population:20221106
TN-72,TUN_Tozeur_TN.TO_3014_TUN022,World Bank,OEF:WB:subnational-population:20221106
TN-51,TUN_Sousse_TN.SS_3012_TUN020,World Bank,OEF:WB:subnational-population:20221106
TN-21,TUN_Nabeul_TN.NB_3008_TUN016,World Bank,OEF:WB:subnational-population:20221106
TN-53,TUN_Mahdia_TN.MH_3004_TUN012,World Bank,OEF:WB:subnational-population:20221106
TN-41,TUN_Kairouan_TN.KR_3000_TUN008,World Bank,OEF:WB:subnational-population:20221106
TN-71,TUN_Gafsa_TN.GF_2998_TUN006,World Bank,OEF:WB:subnational-population:20221106
TN-23,TUN_Bizerte_TN.BZ_2995_TUN004,World Bank,OEF:WB:subnational-population:20221106
TT-TOB,TTO_Tobago_TT.TO_2990_TTO015,World Bank,OEF:WB:subnational-population:20221106
TT-SIP,TTO_Siparia_TT.SI_2989_TTO013,World Bank,OEF:WB:subnational-population:20221106
TT-SJL,TTO_San_Juan-Laventille_TT.SJ_2987_TTO011,World Bank,OEF:WB:subnational-population:20221106
TT-DMN,TTO_Diego_Martin_TT.DM_2980_TTO004,World Bank,OEF:WB:subnational-population:20221106
TT-PED,TTO_Penal-Debe_TT.PE_2981_TTO005,World Bank,OEF:WB:subnational-population:20221106
TT-CHA,TTO_Chaguanas_TT.CH_2978_TTO002,World Bank,OEF:WB:subnational-population:20221106
TG-S,TGO_Savanes_TG.SV_2974_TGO005,World Bank,OEF:WB:subnational-population:20221106
TG-C,TGO_Centrale_TG.CE_2970_TGO001,World Bank,OEF:WB:subnational-population:20221106
TH-95,THA_Yala_TH.YL_2925_THA075,World Bank,OEF:WB:subnational-population:20221106
TH-61,THA_Uthai_Thani_TH.UT_2923_THA073,World Bank,OEF:WB:subnational-population:20221106
TH-34,THA_Ubon_Ratchathani_TH.UR_2921_THA071,World Bank,OEF:WB:subnational-population:20221106
TH-32,THA_Surin_TH.SU_2917_THA067,World Bank,OEF:WB:subnational-population:20221106
TH-90,THA_Songkhla_TH.SG_2913_THA063,World Bank,OEF:WB:subnational-population:20221106
TH-19,THA_Saraburi_TH.SR_2909_THA059,World Bank,OEF:WB:subnational-population:20221106
TH-74,THA_Samut_Sakhon_TH.SS_2907_THA057,World Bank,OEF:WB:subnational-population:20221106
TH-47,THA_Sakon_Nakhon_TH.SN_2905_THA055,World Bank,OEF:WB:subnational-population:20221106
TH-45,THA_Roi_Et_TH.RE_2903_THA053,World Bank,OEF:WB:subnational-population:20221106
TH-70,THA_Ratchaburi_TH.RT_2901_THA051,World Bank,OEF:WB:subnational-population:20221106
TH-54,THA_Phrae_TH.PR_2897_THA046,World Bank,OEF:WB:subnational-population:20221106
TH-65,THA_Phitsanulok_TH.PS_2895_THA044,World Bank,OEF:WB:subnational-population:20221106
TH-76,THA_Phetchaburi_TH.PE_2893_THA042,World Bank,OEF:WB:subnational-population:20221106
TH-56,THA_Phayao_TH.PY_2891_THA040,World Bank,OEF:WB:subnational-population:20221106
TH-82,THA_Phangnga_TH.PG_2889_THA038,World Bank,OEF:WB:subnational-population:20221106
TH-94,THA_Pattani_TH.PI_2887_THA049,World Bank,OEF:WB:subnational-population:20221106
TH-12,THA_Nonthaburi_TH.NO_2885_THA035,World Bank,OEF:WB:subnational-population:20221106
TH-55,THA_Nan_TH.NA_2881_THA031,World Bank,OEF:WB:subnational-population:20221106
TH-60,THA_Nakhon_Sawan_TH.NS_2879_THA029,World Bank,OEF:WB:subnational-population:20221106
TH-44,THA_Maha_Sarakham_TH.MS_2873_THA023,World Bank,OEF:WB:subnational-population:20221106
TH-26,THA_Nakhon_Nayok_TH.NN_2875_THA025,World Bank,OEF:WB:subnational-population:20221106
TH-48,THA_Nakhon_Phanom_TH.NF_2877_THA027,World Bank,OEF:WB:subnational-population:20221106
TH-51,THA_Lamphun_TH.LN_2869_THA019,World Bank,OEF:WB:subnational-population:20221106
TH-81,THA_Krabi_TH.KR_2867_THA016,World Bank,OEF:WB:subnational-population:20221106
TH-71,THA_Kanchanaburi_TH.KN_2865_THA014,World Bank,OEF:WB:subnational-population:20221106
TH-46,THA_Kalasin_TH.KL_2863_THA012,World Bank,OEF:WB:subnational-population:20221106
TH-50,THA_Chiang_Mai_TH.CM_2859_THA008,World Bank,OEF:WB:subnational-population:20221106
TH-36,THA_Chaiyaphum_TH.CY_2857_THA006,World Bank,OEF:WB:subnational-population:20221106
TH-24,THA_Chachoengsao_TH.CC_2855_THA004,World Bank,OEF:WB:subnational-population:20221106
TH-10,THA_Bangkok_TH.BM_2853_THA017,World Bank,OEF:WB:subnational-population:20221106
TH-37,THA_Amnat_Charoen_TH.AC_2851_THA001,World Bank,OEF:WB:subnational-population:20221106
TJ-KT,TJK_Khatlon_TJ.KL_2848_TJK002,World Bank,OEF:WB:subnational-population:20221106
TJ-DU,TJK_Dushanbe_TJ.DU_2847.8_TJK005,World Bank,OEF:WB:subnational-population:20221106
SY-RA,SYR_Raqqa_SY.RA_2845_SYR011,World Bank,OEF:WB:subnational-population:20221106
SY-ID,SYR_Idleb_SY.ID_2843_SYR008,World Bank,OEF:WB:subnational-population:20221106
SY-HA,SYR_Hassakeh_SY.HA_2841_SYR013,World Bank,OEF:WB:subnational-population:20221106
SY-DI,SYR_Damascus City_SY.DI_2836_SYR005,World Bank,OEF:WB:subnational-population:20221106
SY-QU,SYR_Al-Qunaytirah_SY.QU_2833_SYR001,World Bank,OEF:WB:subnational-population:20221106
SD-KA,SDN_Kassala_SD.KA_68783_SDN008,World Bank,OEF:WB:subnational-population:20221106
SS-NU,SSD_Upper_Nile_SS.UN_37021_SSD007,World Bank,OEF:WB:subnational-population:20221106
SS-UY,SSD_Unity_SS.WH_2747_SSD006,World Bank,OEF:WB:subnational-population:20221106
SS-JG,SSD_Jonglei_SS.JG_2751_SSD004,World Bank,OEF:WB:subnational-population:20221106
SS-EE,SSD_Eastern_Equatoria_SS.EE_2750_SSD002,World Bank,OEF:WB:subnational-population:20221106
ZA-WC,ZAF_Western_Cape_ZA.WC_2714_ZAF009,World Bank,OEF:WB:subnational-population:20221106
ZA-LP,ZAF_Limpopo_ZA.NP_77312_ZAF007,World Bank,OEF:WB:subnational-population:20221106
ZA-GP,ZAF_Gauteng_ZA.GT_2708_ZAF003,World Bank,OEF:WB:subnational-population:20221106
ZA-EC,ZAF_Eastern_Cape_ZA.EC_77310_ZAF001,World Bank,OEF:WB:subnational-population:20221106
SK-TA,SVK_Trnava_SK.TA_2673_SVK007,World Bank,OEF:WB:subnational-population:20221106
SK-PV,SVK_Presov_SK.PV_2671_SVK005,World Bank,OEF:WB:subnational-population:20221106
SK-KI,SVK_Kosice_SK.KI_2669_SVK003,World Bank,OEF:WB:subnational-population:20221106
SL-S,SLE_Southern_SL.SO_2656_SLE003,World Bank,OEF:WB:subnational-population:20221106
SL-E,SLE_Eastern_SL.EA_2654_SLE001,World Bank,OEF:WB:subnational-population:20221106
SN-TH,SEN_Thies_SN.TH_2644_SEN009,World Bank,OEF:WB:subnational-population:20221106
SN-MT,SEN_Matam_SN.MT_47588_SEN014,World Bank,OEF:WB:subnational-population:20221106
SN-KD,SEN_Kolda_SN.KD_1375_SEN005,World Bank,OEF:WB:subnational-population:20221106
SN-KL,SEN_Kaolack_SN.KC_1373_SEN004,World Bank,OEF:WB:subnational-population:20221106
SN-FK,SEN_Fatick_SN.FK_47586_SEN012,World Bank,OEF:WB:subnational-population:20221106
SN-DK,SEN_Dakar_SN.DK_2636_SEN001,World Bank,OEF:WB:subnational-population:20221106
RW-05,RWA_Southern_RW.SU_21972_RWA004,World Bank,OEF:WB:subnational-population:20221106
PL-30,POL_Wielkopolskie_PL.WP_2384_POL015,World Bank,OEF:WB:subnational-population:20221106
PL-22,POL_Pomorskie_PL.PM_2380_POL011,World Bank,OEF:WB:subnational-population:20221106
PL-18,POL_Podkarpackie_PL.PK_2378_POL021,World Bank,OEF:WB:subnational-population:20221106
PL-14,POL_Mazowieckie_PL.MZ_2376_POL029,World Bank,OEF:WB:subnational-population:20221106
PL-08,POL_Lubuskie_PL.LB_2374_POL022,World Bank,OEF:WB:subnational-population:20221106
PE-UCA,PER_Ucayali_PE.UC_2352_PER026,World Bank,OEF:WB:subnational-population:20221106
PE-TAC,PER_Tacna_PE.TA_2350_PER024,World Bank,OEF:WB:subnational-population:20221106
PE-PAS,PER_Pasco_PE.PA_2346_PER021,World Bank,OEF:WB:subnational-population:20221106
PE-PUN,PER_Puno_PE.PU_2348_PER023,World Bank,OEF:WB:subnational-population:20221106
PE-LIM,PER_Lima_PE.LR_2342_PER017,World Bank,OEF:WB:subnational-population:20221106
PE-LAL,PER_La_Libertad_PE.LL_2340_PER015,World Bank,OEF:WB:subnational-population:20221106
PE-ICA,PER_Ica_PE.IC_2338_PER014,World Bank,OEF:WB:subnational-population:20221106
PE-HUV,PER_Huancavelica_PE.HV_2336_PER013,World Bank,OEF:WB:subnational-population:20221106
PE-AYA,PER_Ayacucho_PE.AY_2332_PER010,World Bank,OEF:WB:subnational-population:20221106
PE-AMA,PER_Amazonas_PE.AM_2328_PER004,World Bank,OEF:WB:subnational-population:20221106
PA-7,PAN_Los_Santos_PA.LS_2287_PAN008,World Bank,OEF:WB:subnational-population:20221106
PA-6,PAN_Herrera_PA.HE_2286_PAN007,World Bank,OEF:WB:subnational-population:20221106
NG-YO,NGA_Yobe_NG.YO_2240_NGA036,World Bank,OEF:WB:subnational-population:20221106
NG-SO,NGA_Sokoto_NG.SO_65709_NGA034,World Bank,OEF:WB:subnational-population:20221106
NG-PL,NGA_Plateau_NG.PL_65707_NGA032,World Bank,OEF:WB:subnational-population:20221106
NG-OS,NGA_Osun_NG.OS_2234_NGA030,World Bank,OEF:WB:subnational-population:20221106
NG-OG,NGA_Ogun_NG.OG_2232_NGA028,World Bank,OEF:WB:subnational-population:20221106
NG-NA,NGA_Nassarawa_NG.NA_65705_NGA026,World Bank,OEF:WB:subnational-population:20221106
NG-KW,NGA_Kwara_NG.KW_2229_NGA024,World Bank,OEF:WB:subnational-population:20221106
NG-KE,NGA_Kebbi_NG.KE_2227_NGA022,World Bank,OEF:WB:subnational-population:20221106
NG-KN,NGA_Kano_NG.KN_2225_NGA020,World Bank,OEF:WB:subnational-population:20221106
NG-JI,NGA_Jigawa_NG.JI_2223_NGA018,World Bank,OEF:WB:subnational-population:20221106
NG-GO,NGA_Gombe_NG.GO_65704_NGA016,World Bank,OEF:WB:subnational-population:20221106
NG-EK,NGA_Ekiti_NG.EK_65702_NGA013,World Bank,OEF:WB:subnational-population:20221106
NG-EB,NGA_Ebonyi_NG.EB_65701_NGA011,World Bank,OEF:WB:subnational-population:20221106
NG-CR,NGA_Cross_River_NG.CR_2217_NGA009,World Bank,OEF:WB:subnational-population:20221106
NG-BE,NGA_Benue_NG.BE_2215_NGA007,World Bank,OEF:WB:subnational-population:20221106
NG-BA,NGA_Bauchi_NG.BA_65699_NGA005,World Bank,OEF:WB:subnational-population:20221106
NG-AK,NGA_Akwa_Ibom_NG.AK_2212_NGA003,World Bank,OEF:WB:subnational-population:20221106
NG-FC,NGA_Abuja_NG.FC_2221_NGA015,World Bank,OEF:WB:subnational-population:20221106
NI-RI,NIC_Rivas_22548,World Bank,OEF:WB:subnational-population:20221106
NI-NS,NIC_Nueva_Segovia_NI.NS_2199_NIC015,World Bank,OEF:WB:subnational-population:20221106
NI-MS,NIC_Masaya_22499,World Bank,OEF:WB:subnational-population:20221106
NI-MD,NIC_Madriz_NI.MD_2195_NIC009,World Bank,OEF:WB:subnational-population:20221106
NI-JI,NIC_Jinotega_22465,World Bank,OEF:WB:subnational-population:20221106
NI-CI,NIC_Chinandega_NI.CI_2189_NIC003,World Bank,OEF:WB:subnational-population:20221106
NI-BO,NIC_Boaco_NI.BO_2187_NIC001,World Bank,OEF:WB:subnational-population:20221106
NP-2,NPL_Mid_Western_NP.MP_2155_NPL004,World Bank,OEF:WB:subnational-population:20221106
NP-4,NPL_Eastern_NP.PW_2153_NPL002,World Bank,OEF:WB:subnational-population:20221106
MM-06,MMR_Yangon_MM.YA_2136_MMR017,World Bank,OEF:WB:subnational-population:20221106
MM-17,MMR_Shan-North_MM.SN_41775_MMR014,World Bank,OEF:WB:subnational-population:20221106
MM-16,MMR_Rakhine_MM.RA_2123_MMR011,World Bank,OEF:WB:subnational-population:20221106
MM-15,MMR_Mon_MM.MO_2132_MMR010,World Bank,OEF:WB:subnational-population:20221106
MM-03,MMR_Magway_MM.MG_2130_MMR008,World Bank,OEF:WB:subnational-population:20221106
MM-14,MMR_Chin_MM.CH_2125_MMR004,World Bank,OEF:WB:subnational-population:20221106
MZ-T,MOZ_Tete_MZ.TE_2121_MOZ010,World Bank,OEF:WB:subnational-population:20221106
MZ-A,MOZ_Niassa_MZ.NS_2119_MOZ008,World Bank,OEF:WB:subnational-population:20221106
MZ-B,MOZ_Manica_MZ.MN_2115_MOZ004,World Bank,OEF:WB:subnational-population:20221106
MZ-G,MOZ_Gaza_MZ.GA_2113_MOZ002,World Bank,OEF:WB:subnational-population:20221106
ME-19,MNE_Tivat_ME.TI_25368_MNE019,World Bank,OEF:WB:subnational-population:20221106
ME-11,MNE_Mojkovac_ME.MK_25360_MNE011,World Bank,OEF:WB:subnational-population:20221106
ME-13,MNE_Plav_ME.PV_25362_MNE013,World Bank,OEF:WB:subnational-population:20221106
ME-07,MNE_Danilovgrad_ME.DA_25356_MNE007,World Bank,OEF:WB:subnational-population:20221106
ME-05,MNE_Budva_ME.BU_25354_MNE005,World Bank,OEF:WB:subnational-population:20221106
ME-03,MNE_Berane_ME.BE_25352_MNE003,World Bank,OEF:WB:subnational-population:20221106
ME-01,MNE_Andrijevica_ME.AN_25350_MNE001,World Bank,OEF:WB:subnational-population:20221106
MN-1,MNG_Ulaanbaatar_MN.UB_2095_MNG020,World Bank,OEF:WB:subnational-population:20221106
MD-TE,MDA_Telenesti_MD.TE_41199_MDA034,World Bank,OEF:WB:subnational-population:20221106
MD-ST,MDA_Straseni_MD.ST_41178_MDA032,World Bank,OEF:WB:subnational-population:20221106
MD-SO,MDA_Soroca_MD.SO_2071_MDA030,World Bank,OEF:WB:subnational-population:20221106
MD-SI,MDA_Singerei_MD.SI_41170_MDA028,World Bank,OEF:WB:subnational-population:20221106
MD-OC,MDA_Ocnita_MD.OC_41190_MDA024,World Bank,OEF:WB:subnational-population:20221106
MD-LE,MDA_Leova_MD.LE_41196_MDA022,World Bank,OEF:WB:subnational-population:20221106
MD-HI,MDA_Hincesti_MD.HI_41195_MDA020,World Bank,OEF:WB:subnational-population:20221106
MD-GA,MDA_Gagauzia_MD.GA_2068_MDA018,World Bank,OEF:WB:subnational-population:20221106
MD-FA,MDA_Falesti_MD.FA_41167_MDA016,World Bank,OEF:WB:subnational-population:20221106
MD-DO,MDA_Donduseni_MD.DO_41188_MDA012,World Bank,OEF:WB:subnational-population:20221106
MD-CS,MDA_Cimislia_MD.CS_41194_MDA010,World Bank,OEF:WB:subnational-population:20221106
MD-CU,MDA_Causeni_MD.CU_41205_MDA008,World Bank,OEF:WB:subnational-population:20221106
MD-CL,MDA_Calaras_MD.CL_41207_MDA006,World Bank,OEF:WB:subnational-population:20221106
MD-BR,MDA_Briceni_MD.BR_41187_MDA004,World Bank,OEF:WB:subnational-population:20221106
MD-BA,MDA_Balti_MD.BA_2062_MDA002,World Bank,OEF:WB:subnational-population:20221106
MX-ZAC,MEX_Zacatecas_MX.ZA_2059_MEX032,World Bank,OEF:WB:subnational-population:20221106
MX-VER,MEX_Veracruz_MX.VE_2057_MEX030,World Bank,OEF:WB:subnational-population:20221106
MX-TAM,MEX_Tamaulipas_MX.TM_2055_MEX028,World Bank,OEF:WB:subnational-population:20221106
MX-SON,MEX_Sonora_MX.SO_2053_MEX026,World Bank,OEF:WB:subnational-population:20221106
MX-OAX,MEX_Oaxaca_MX.OA_2047_MEX020,World Bank,OEF:WB:subnational-population:20221106
MX-NAY,MEX_Nayarit_MX.NA_2045_MEX018,World Bank,OEF:WB:subnational-population:20221106
MX-JAL,MEX_Jalisco_MX.JA_2041_MEX014,World Bank,OEF:WB:subnational-population:20221106
MX-GRO,MEX_Guerrero_MX.GR_2039_MEX012,World Bank,OEF:WB:subnational-population:20221106
MX-DUR,MEX_Durango_MX.DU_2037_MEX010,World Bank,OEF:WB:subnational-population:20221106
MX-COL,MEX_Colima_MX.CL_2035_MEX008,World Bank,OEF:WB:subnational-population:20221106
MX-CHH,MEX_Chihuahua_MX.CH_2033_MEX006,World Bank,OEF:WB:subnational-population:20221106
MX-CAM,MEX_Campeche_MX.CM_2031_MEX004,World Bank,OEF:WB:subnational-population:20221106
MX-BCN,MEX_Baja_California_MX.BN_2029_MEX002,World Bank,OEF:WB:subnational-population:20221106
MR-06,MRT_Trarza_MR.TR_2016_MRT013,World Bank,OEF:WB:subnational-population:20221106
MR-09,MRT_Tagant_MR.TG_2014_MRT011,World Bank,OEF:WB:subnational-population:20221106
MR-12,MRT_Inchiri_MR.IN_2012_MRT009,World Bank,OEF:WB:subnational-population:20221106
MR-04,MRT_Gorgol_MR.GO_2008_MRT005,World Bank,OEF:WB:subnational-population:20221106
MR-05,MRT_Brakna_MR.BR_2006_MRT003,World Bank,OEF:WB:subnational-population:20221106
MR-07,MRT_Adrar_MR.AD_2004_MRT001,World Bank,OEF:WB:subnational-population:20221106
ML-3,MLI_Sikasso_ML.SK_1933_MLI008,World Bank,OEF:WB:subnational-population:20221106
ML-5,MLI_Mopti_ML.MO_1931_MLI006,World Bank,OEF:WB:subnational-population:20221106
ML-8,MLI_Kidal_ML.KD_1929_MLI004,World Bank,OEF:WB:subnational-population:20221106
ML-7,MLI_Gao_ML.GA_1927_MLI002,World Bank,OEF:WB:subnational-population:20221106
MW-S,MWI_Southern_Region_1890,World Bank,OEF:WB:subnational-population:20221106
MW-C,MWI_Central_Region_1888,World Bank,OEF:WB:subnational-population:20221106
LR-RI,LBR_Rivercess_LR.RI_1826_LBR014,World Bank,OEF:WB:subnational-population:20221106
LR-NI,LBR_Nimba_LR.NI_1825_LBR012,World Bank,OEF:WB:subnational-population:20221106
LR-MY,LBR_Maryland_LR.MY_1823_LBR010,World Bank,OEF:WB:subnational-population:20221106
LR-LO,LBR_Lofa_LR.LF_1821_LBR008,World Bank,OEF:WB:subnational-population:20221106
LR-GG,LBR_Grand_Gedeh_LR.GD_1819_LBR006,World Bank,OEF:WB:subnational-population:20221106
LR-GB,LBR_Grand_Bassa_LR.GB_1817_LBR004,World Bank,OEF:WB:subnational-population:20221106
LR-BG,LBR_Bong_LR.BG_1815_LBR002,World Bank,OEF:WB:subnational-population:20221106
LS-H,LSO_Qachas_Nek_LS.QN_1810_LSO008,World Bank,OEF:WB:subnational-population:20221106
LS-F,LSO_Mohales_Hoek_LS.MH_1808_LSO006,World Bank,OEF:WB:subnational-population:20221106
LS-E,LSO_Mafeteng_LS.MF_1806_LSO004,World Bank,OEF:WB:subnational-population:20221106
LB-NA,LBN_Nabatiye_LB.NA_1802_LBN006,World Bank,OEF:WB:subnational-population:20221106
LA-XI,LAO_Xiangkhouang_LA.XI_74347_LAO022,World Bank,OEF:WB:subnational-population:20221106
LA-XA,LAO_Xaignabouli_LA.XA_1765_LAO015,World Bank,OEF:WB:subnational-population:20221106
LA-VI,LAO_Vientiane_LA.VI_74346_LAO021,World Bank,OEF:WB:subnational-population:20221106
LA-SL,LAO_Salavan_LA.SL_1763_LAO011,World Bank,OEF:WB:subnational-population:20221106
LA-OU,LAO_Oudomxai_LA.OU_1761_LAO009,World Bank,OEF:WB:subnational-population:20221106
LA-LM,LAO_Louang-Namtha_LA.LM_1760_LAO007,World Bank,OEF:WB:subnational-population:20221106
LA-HO,LAO_Houaphan_LA.HO_1757_LAO005,World Bank,OEF:WB:subnational-population:20221106
LA-BL,LAO_Bolikhamxai_LA.BL_1755_LAO003,World Bank,OEF:WB:subnational-population:20221106
LA-AT,LAO_Attapu_LA.AT_1753_LAO001,World Bank,OEF:WB:subnational-population:20221106
JO-AZ,JOR_Zarqa_JO.AZ_1712_JOR007,World Bank,OEF:WB:subnational-population:20221106
JO-MA,JOR_Mafraq_JO.MA_1711_JOR004,World Bank,OEF:WB:subnational-population:20221106
JO-JA,JOR_Jarash_JO.JA_1708_JOR010,World Bank,OEF:WB:subnational-population:20221106
JO-BA,JOR_Balqa_JO.BA_1702_JOR006,World Bank,OEF:WB:subnational-population:20221106
JO-AM,JOR_Amman_JO.AM_1705_JOR005,World Bank,OEF:WB:subnational-population:20221106
JM-10,JAM_Westmoreland_JM.WE_1648_JAM013,World Bank,OEF:WB:subnational-population:20221106
JM-03,JAM_Saint_Thomas_JM.ST_1646_JAM011,World Bank,OEF:WB:subnational-population:20221106
JM-08,JAM_Saint_James_JM.SJ_1644_JAM009,World Bank,OEF:WB:subnational-population:20221106
JM-14,JAM_Saint_Catherine_JM.SC_1642_JAM007,World Bank,OEF:WB:subnational-population:20221106
JM-06,JAM_Saint_Ann_JM.SN_1641_JAM006,World Bank,OEF:WB:subnational-population:20221106
JM-04,JAM_Portland_JM.PO_1639_JAM004,World Bank,OEF:WB:subnational-population:20221106
JM-09,JAM_Hanover_JM.HA_1637_JAM002,World Bank,OEF:WB:subnational-population:20221106
IQ-WA,IRQ_Wassit_IQ.WA_1581_IRA018,World Bank,OEF:WB:subnational-population:20221106
IQ-SU,IRQ_Sulaymaniyah_IQ.SU_1580_IRQ004,World Bank,OEF:WB:subnational-population:20221106
IQ-QA,IRQ_Qadissiya_IQ.QA_1567_IRQ014,World Bank,OEF:WB:subnational-population:20221106
IQ-NA,IRQ_Najaf_IQ.NA_1568_IRQ003,World Bank,OEF:WB:subnational-population:20221106
IQ-MA,IRQ_Missan_IQ.MA_1577_IRQ011,World Bank,OEF:WB:subnational-population:20221106
IQ-KA,IRQ_Kerbala_IQ.KA_1576_IRQ009,World Bank,OEF:WB:subnational-population:20221106
IQ-DI,IRQ_Diyala_IQ.DI_1575_IRQ008,World Bank,OEF:WB:subnational-population:20221106
IQ-BA,IRQ_Basrah_IQ.BA_1565_IRQ006,World Bank,OEF:WB:subnational-population:20221106
IQ-BB,IRQ_Babil_IQ.BB_1571_IRQ005,World Bank,OEF:WB:subnational-population:20221106
IN-WB,IND_West_Bengal_IN.WB_1511_IND032,World Bank,OEF:WB:subnational-population:20221106
IN-UP,IND_Uttar_Pradesh_IN.UP_70081_IND035,World Bank,OEF:WB:subnational-population:20221106
IN-RJ,IND_Rajasthan_IN.RJ_1506_IND027,World Bank,OEF:WB:subnational-population:20221106
IN-PY,IND_Puducherry_IN.PY_70080_IND025,World Bank,OEF:WB:subnational-population:20221106
IN-NL,IND_Nagaland_IN.NL_1503_IND023,World Bank,OEF:WB:subnational-population:20221106
IN-ML,IND_Meghalaya_IN.ML_1501_IND021,World Bank,OEF:WB:subnational-population:20221106
IN-MH,IND_Maharashtra_IN.MH_1498_IND019,World Bank,OEF:WB:subnational-population:20221106
IN-LD,IND_Lakshadweep_IN.LD_1496_IND017,World Bank,OEF:WB:subnational-population:20221106
IN-KA,IND_Karnataka_IN.KA_1494_IND015,World Bank,OEF:WB:subnational-population:20221106
IN-HR,IND_Haryana_IN.HR_1492_IND012,World Bank,OEF:WB:subnational-population:20221106
IN-GA,IND_Goa_IN.GA_1490_IND010,World Bank,OEF:WB:subnational-population:20221106
IN-CT,IND_Chhattisgarh_IN.CT_70075_IND033,World Bank,OEF:WB:subnational-population:20221106
IN-BR,IND_Bihar_IN.BR_70073_IND037,World Bank,OEF:WB:subnational-population:20221106
IN-AN,IND_Andaman_and_Nicobar_IN.AN_1484_IND001,World Bank,OEF:WB:subnational-population:20221106
HU-VE,HUN_Veszprem_HU.VE_1458_HUN019,World Bank,OEF:WB:subnational-population:20221106
HU-TO,HUN_Tolna_HU.TO_1456_HUN017,World Bank,OEF:WB:subnational-population:20221106
HU-SO,HUN_Somogy_HU.SO_1454_HUN015,World Bank,OEF:WB:subnational-population:20221106
HU-NO,HUN_Nograd_HU.NO_1452_HUN013,World Bank,OEF:WB:subnational-population:20221106
HU-JN,HUN_Jasz-nagykun-szolnok_HU.JN_1450_HUN011,World Bank,OEF:WB:subnational-population:20221106
HU-HB,HUN_Hajdu-bihar_HU.HB_1448_HUN009,World Bank,OEF:WB:subnational-population:20221106
HU-FE,HUN_Fejer_HU.FE_1446_HUN007,World Bank,OEF:WB:subnational-population:20221106
HU-BU,HUN_Budapest_HU.BU_1444_HUN005,World Bank,OEF:WB:subnational-population:20221106
HU-BE,HUN_Bekes_HU.BE_1442_HUN003,World Bank,OEF:WB:subnational-population:20221106
HU-BK,HUN_Bacs-kiskun_HU.BK_1440_HUN001,World Bank,OEF:WB:subnational-population:20221106
HN-VA,HND_Valle_HN.VA_1437_HND018,World Bank,OEF:WB:subnational-population:20221106
HN-EP,HND_Paraiso_HN.EP_1435_HND016,World Bank,OEF:WB:subnational-population:20221106
HN-OC,HND_Ocotepeque_HN.OC_1433_HND014,World Bank,OEF:WB:subnational-population:20221106
HN-LP,HND_La_Paz_HN.LP_1430_HND012,World Bank,OEF:WB:subnational-population:20221106
HN-IN,HND_Intibuca_HN.IN_1428_HND010,World Bank,OEF:WB:subnational-population:20221106
HN-CL,HND_Colon_HN.CL_1422_HND003,World Bank,OEF:WB:subnational-population:20221106
HN-CP,HND_Copan_HN.CP_1424_HND005,World Bank,OEF:WB:subnational-population:20221106
HN-AT,HND_Atlantida_HN.AT_1420_HND001,World Bank,OEF:WB:subnational-population:20221106
GW-TO,GNB_Tombali_GW.TO_1393_GNB009,World Bank,OEF:WB:subnational-population:20221106
GW-QU,GNB_Quinara_GW.QU_1391_GNB007,World Bank,OEF:WB:subnational-population:20221106
GW-GA,GNB_Gabu_GW.GA_1389_GNB005,World Bank,OEF:WB:subnational-population:20221106
GW-BL,GNB_Bolama_GW.BL_1387_GNB003,World Bank,OEF:WB:subnational-population:20221106
GW-BA,GNB_Bafata_GW.BA_1385_GNB001,World Bank,OEF:WB:subnational-population:20221106
GN-M,GIN_Mamou_GN.MA_40706_GIN007,World Bank,OEF:WB:subnational-population:20221106
GN-D,GIN_Kindia_GN.KI_40704_GIN005,World Bank,OEF:WB:subnational-population:20221106
GN-FA,GIN_Faranah_GN.FA_40702_GIN003,World Bank,OEF:WB:subnational-population:20221106
GT-12,GTM_San_Marcos_GT.SM_64832_GTM017,World Bank,OEF:WB:subnational-population:20221106
GT-11,GTM_Retalhuleu_GT.RE_64831_GTM015,World Bank,OEF:WB:subnational-population:20221106
GT-09,GTM_Quetzaltenango_GT.QZ_64829_GTM013,World Bank,OEF:WB:subnational-population:20221106
GT-22,GTM_Jutiapa_GT.JU_64842_GTM011,World Bank,OEF:WB:subnational-population:20221106
GT-18,GTM_Izabal_GT.IZ_64838_GTM009,World Bank,OEF:WB:subnational-population:20221106
GT-01,GTM_Guatemala_GT.GU_64821_GTM007,World Bank,OEF:WB:subnational-population:20221106
GT-02,GTM_El_Progreso_GT.PR_64822_GTM005,World Bank,OEF:WB:subnational-population:20221106
GT-04,GTM_Chimaltenango_GT.CM_64824_GTM003,World Bank,OEF:WB:subnational-population:20221106
GT-16,GTM_Alta_Verapaz_GT.AV_64836_GTM001,World Bank,OEF:WB:subnational-population:20221106
GH-TV,GHA_Volta_GH.VO_1332_GHA009,World Bank,OEF:WB:subnational-population:20221106
GH-UE,GHA_Upper_East_GH.UE_1330_GHA007,World Bank,OEF:WB:subnational-population:20221106
GH-AA,GHA_Greater_Accra_GH.AA_1328_GHA005,World Bank,OEF:WB:subnational-population:20221106
GH-CP,GHA_Central_GH.CE_1326_GHA003,World Bank,OEF:WB:subnational-population:20221106
GH-AH,GHA_Ashanti_GH.AH_1324_GHA001,World Bank,OEF:WB:subnational-population:20221106
GE-SK,GEO_Shida_Kartli_GE.SD_1306_GEO011,World Bank,OEF:WB:subnational-population:20221106
GE-SJ,GEO_Samtskhe-Javakheti_GE.SJ_1305_GEO008,World Bank,OEF:WB:subnational-population:20221106
GE-KK,GEO_Kvemo_Kartli_GE.KK_1301_GEO006,World Bank,OEF:WB:subnational-population:20221106
GE-IM,GEO_Imereti_GE.IM_1299_GEO004,World Bank,OEF:WB:subnational-population:20221106
ET-SO,ETH_Somali_ET.SO_47679_ETH009,World Bank,OEF:WB:subnational-population:20221106
ET-OR,ETH_Oromia_ET.OR_47678_ETH008,World Bank,OEF:WB:subnational-population:20221106
ET-GA,ETH_Gambela_ET.GA_1232_ETH006,World Bank,OEF:WB:subnational-population:20221106
ET-AF,ETH_Afar_ET.AF_1228_ETH002,World Bank,OEF:WB:subnational-population:20221106
SV-SO,SLV_Sonsonate_SV.SO_1196_SLV013,World Bank,OEF:WB:subnational-population:20221106
SV-SV,SLV_San_Vicente_SV.SV_1194_SLV011,World Bank,OEF:WB:subnational-population:20221106
SV-SM,SLV_San_Miguel_SV.SM_1192_SLV009,World Bank,OEF:WB:subnational-population:20221106
SV-LI,SLV_La_Libertad_SV.LI_1188_SLV005,World Bank,OEF:WB:subnational-population:20221106
SV-CH,SLV_Chalatenango_SV.CH_1186_SLV003,World Bank,OEF:WB:subnational-population:20221106
SV-AH,SLV_Ahuachapan_SV.AH_1184_SLV001,World Bank,OEF:WB:subnational-population:20221106
EG-SUZ,EGY_Suez_EG.SW_61535_EGY014,World Bank,OEF:WB:subnational-population:20221106
EG-SIN,EGY_North Sinai_EG.SS_61529_EGY025,World Bank,OEF:WB:subnational-population:20221106
EG-MT,EGY_Matrouh_EG.MT_61525_EGY023,World Bank,OEF:WB:subnational-population:20221106
EG-IS,EGY_Ismailia_EG.IS_61521_EGY013,World Bank,OEF:WB:subnational-population:20221106
EG-GH,EGY_Gharbia_EG.GH_61519_EGY005,World Bank,OEF:WB:subnational-population:20221106
EG-DT,EGY_Damietta_EG.DT_61517_EGY020,World Bank,OEF:WB:subnational-population:20221106
EG-C,EGY_Cairo_EG.QH_61515_EGY010,World Bank,OEF:WB:subnational-population:20221106
EG-BH,EGY_Behera_EG.BH_61513_EGY001,World Bank,OEF:WB:subnational-population:20221106
EC-T,ECU_Tungurahua_EC.TU_1155_ECU021,World Bank,OEF:WB:subnational-population:20221106
EC-P,ECU_Pichincha_EC.PI_22006_ECU019,World Bank,OEF:WB:subnational-population:20221106
EC-D,ECU_Orellana_EC.OR_1151_ECU017,World Bank,OEF:WB:subnational-population:20221106
EC-S,ECU_Morona_Santiago_EC.MS_1149_ECU015,World Bank,OEF:WB:subnational-population:20221106
EC-I,ECU_Imbabura_EC.IM_1145_ECU011,World Bank,OEF:WB:subnational-population:20221106
EC-O,ECU_El_Oro_EC.EO_1141_ECU007,World Bank,OEF:WB:subnational-population:20221106
EC-H,ECU_Chimborazo_EC.CB_1139_ECU005,World Bank,OEF:WB:subnational-population:20221106
EC-A,ECU_Azuay_EC.AZ_1135_ECU001,World Bank,OEF:WB:subnational-population:20221106
CU-05,CUB_Villa_Clara_CU.VC_1023_CUB015,World Bank,OEF:WB:subnational-population:20221106
CU-04,CUB_Matanzas_CU.MA_1019_CUB011,World Bank,OEF:WB:subnational-population:20221106
CU-03,CUB_La_Habana_CU.LH_1017_CUB009,World Bank,OEF:WB:subnational-population:20221106
CU-12,CUB_Granma_CU.GR_1013_CUB005,World Bank,OEF:WB:subnational-population:20221106
CU-06,CUB_Cienfuegos_CU.CF_1011_CUB003,World Bank,OEF:WB:subnational-population:20221106
HR-21,HRV_Grad_Zagreb_HR.GZ_990_HRV922,World Bank,OEF:WB:subnational-population:20221106
CI-SM,CIV_Sassandra-Marahoue_CI.SM_16844_CIV017,World Bank,OEF:WB:subnational-population:20221106
CI-LG,CIV_Lagunes_CI.LG_16842_CIV007,World Bank,OEF:WB:subnational-population:20221106
CI-GD,CIV_Goh-Djiboua_CI.GD_16840_CIV005,World Bank,OEF:WB:subnational-population:20221106
CI-AB,CIV_Abidjan_CI.AB_16838_CIV022,World Bank,OEF:WB:subnational-population:20221106
CR-P,CRI_Puntarenas_CR.PU_986_CRI006,World Bank,OEF:WB:subnational-population:20221106
CR-H,CRI_Heredia_CR.HE_984_CRI004,World Bank,OEF:WB:subnational-population:20221106
CR-C,CRI_Cartago_CR.CA_982_CRI002,World Bank,OEF:WB:subnational-population:20221106
CO-VID,COL_Vichada_CO.VI_966_COL033,World Bank,OEF:WB:subnational-population:20221106
CO-SUC,COL_Sucre_CO.SU_962_COL029,World Bank,OEF:WB:subnational-population:20221106
CO-SAN,COL_Santander_CO.ST_961_COL028,World Bank,OEF:WB:subnational-population:20221106
CO-RIS,COL_Risaralda_CO.RI_959_COL026,World Bank,OEF:WB:subnational-population:20221106
CO-PUT,COL_Putumayo_CO.PU_957_COL024,World Bank,OEF:WB:subnational-population:20221106
CO-MAG,COL_Magdalena_CO.MA_953_COL020,World Bank,OEF:WB:subnational-population:20221106
CO-GUV,COL_Guaviare_CO.GV_951_COL018,World Bank,OEF:WB:subnational-population:20221106
CO-CES,COL_Cesar_CO.CE_945_COL012,World Bank,OEF:WB:subnational-population:20221106
CO-CAS,COL_Casanare_CO.CS_943_COL010,World Bank,OEF:WB:subnational-population:20221106
CO-CAL,COL_Caldas_CO.CL_941_COL008,World Bank,OEF:WB:subnational-population:20221106
CO-ANT,COL_Antioquia_CO.AN_935_COL002,World Bank,OEF:WB:subnational-population:20221106
CN-ZJ,CHN_Zhejiang_CN.ZJ_930_CHN042,World Bank,OEF:WB:subnational-population:20221106
CN-XZ,CHN_Xizang_CN.XZ_928_CHN040,World Bank,OEF:WB:subnational-population:20221106
CN-TJ,CHN_Tianjin_CN.TJ_926_CHN038,World Bank,OEF:WB:subnational-population:20221106
CN-SX,CHN_Shanxi_CN.SX_923_CHN035,World Bank,OEF:WB:subnational-population:20221106
CN-SD,CHN_Shandong_CN.SD_921_CHN033,World Bank,OEF:WB:subnational-population:20221106
CN-QH,CHN_Qinghai_CN.QH_919_CHN031,World Bank,OEF:WB:subnational-population:20221106
CN-NM,CHN_Nei_Mongol_CN.NM_917_CHN029,World Bank,OEF:WB:subnational-population:20221106
CN-JL,CHN_Jilin_CN.JL_915_CHN027,World Bank,OEF:WB:subnational-population:20221106
CN-JS,CHN_Jiangsu_CN.JS_913_CHN025,World Bank,OEF:WB:subnational-population:20221106
CN-HL,CHN_Heilongjiang_CN.HL_908_CHN021,World Bank,OEF:WB:subnational-population:20221106
CN-HA,CHN_Hainan_CN.HA_906_CHN018,World Bank,OEF:WB:subnational-population:20221106
CN-GX,CHN_Guangxi_CN.GX_904_CHN016,World Bank,OEF:WB:subnational-population:20221106
CN-GS,CHN_Gansu_CN.GS_902_CHN014,World Bank,OEF:WB:subnational-population:20221106
CN-CQ,CHN_Chongqing_CN.CQ_900_CHN011,World Bank,OEF:WB:subnational-population:20221106
CN-AH,CHN_Anhui_CN.AH_898_CHN009,World Bank,OEF:WB:subnational-population:20221106
CL-TA,CHL_Tarapaca_CL.TA_91502_CHL013,World Bank,OEF:WB:subnational-population:20221106
CL-ML,CHL_Maule_CL.MU_892_CHL010,World Bank,OEF:WB:subnational-population:20221106
CL-CO,CHL_Coquimbo_CL.CO_888_CHL006,World Bank,OEF:WB:subnational-population:20221106
CL-LL,CHL_Los_Lagos_CL.LL_91501_CHL008,World Bank,OEF:WB:subnational-population:20221106
CL-AN,CHL_Antofagasta_CL.AN_883_CHL001,World Bank,OEF:WB:subnational-population:20221106
CM-SU,CMR_Sud_CM.SU_823_CMR009,World Bank,OEF:WB:subnational-population:20221106
CM-NW,CMR_Nord-Ouest_CM.NW_821_CMR007,World Bank,OEF:WB:subnational-population:20221106
CM-LT,CMR_Littoral_CM.LI_819_CMR008,World Bank,OEF:WB:subnational-population:20221106
CM-ES,CMR_Est_CM.ES_817_CMR053,World Bank,OEF:WB:subnational-population:20221106
CM-AD,CMR_Adamaoua_CM.AD_815_CMR001,World Bank,OEF:WB:subnational-population:20221106
KH-20,KHM_Svay_Rieng_KH.SR_813_KHM023,World Bank,OEF:WB:subnational-population:20221106
KH-17,KHM_Siem_Reap_KH.SI_811_KHM020,World Bank,OEF:WB:subnational-population:20221106
KH-15,KHM_Pursat_KH.PO_809_KHM018,World Bank,OEF:WB:subnational-population:20221106
KH-13,KHM_Preah_Vihear_KH.PH_807_KHM016,World Bank,OEF:WB:subnational-population:20221106
KH-12,KHM_Phnom_Penh_KH.PP_806_KHM015,World Bank,OEF:WB:subnational-population:20221106
KH-22,KHM_Oddar_Meanchey_KH.OC_804_KHM013,World Bank,OEF:WB:subnational-population:20221106
KH-10,KHM_Kratie_KH.KH_801_KHM011,World Bank,OEF:WB:subnational-population:20221106
KH-23,KHM_Kep_KH.KE_800_KHM009,World Bank,OEF:WB:subnational-population:20221106
KH-7,KHM_Kampot_KH.KP_797_KHM007,World Bank,OEF:WB:subnational-population:20221106
KH-5,KHM_Kampong_Speu_KH.KS_795_KHM005,World Bank,OEF:WB:subnational-population:20221106
KH-3,KHM_Kampong_Cham_KH.KM_793_KHM003,World Bank,OEF:WB:subnational-population:20221106
KH-1,KHM_Banteay_Meanchey_KH.OM_791_KHM001,World Bank,OEF:WB:subnational-population:20221106
BI-RT,BDI_Rutana_BI.RT_40557_BDI016,World Bank,OEF:WB:subnational-population:20221106
BI-MW,BDI_Mwaro_BI.MW_40555_BDI014,World Bank,OEF:WB:subnational-population:20221106
BI-MU,BDI_Muramvya_BI.MU_40553_BDI012,World Bank,OEF:WB:subnational-population:20221106
BI-KI,BDI_Kirundo_BI.KI_40551_BDI010,World Bank,OEF:WB:subnational-population:20221106
BI-KR,BDI_Karuzi_BI.KR_40549_BDI008,World Bank,OEF:WB:subnational-population:20221106
BI-CI,BDI_Cibitoke_BI.CI_40547_BDI006,World Bank,OEF:WB:subnational-population:20221106
BI-BR,BDI_Bururi_BI.BU_40545_BDI004,World Bank,OEF:WB:subnational-population:20221106
BI-BM,BDI_Bujumbura_Mairie_BI.BM_40543_BDI002,World Bank,OEF:WB:subnational-population:20221106
BF-03,BFA_Centre_BF.CT_40278_BFA048,World Bank,OEF:WB:subnational-population:20221106
BG-05,BGR_Vidin_BG.VD_728_BGR027,World Bank,OEF:WB:subnational-population:20221106
BG-03,BGR_Varna_BG.VN_726_BGR025,World Bank,OEF:WB:subnational-population:20221106
BG-24,BGR_Stara_Zagora_BG.SZ_724_BGR023,World Bank,OEF:WB:subnational-population:20221106
BG-23,BGR_Sofia_BG.SF_722_BGR021,World Bank,OEF:WB:subnational-population:20221106
BG-20,BGR_Sliven_BG.SL_720_BGR019,World Bank,OEF:WB:subnational-population:20221106
BG-27,BGR_Shumen_BG.SH_718_BGR017,World Bank,OEF:WB:subnational-population:20221106
BG-17,BGR_Razgrad_BG.RG_716_BGR039,World Bank,OEF:WB:subnational-population:20221106
BG-15,BGR_Pleven_BG.PV_714_BGR031,World Bank,OEF:WB:subnational-population:20221106
BG-13,BGR_Pazardzhik_BG.PZ_712_BGR011,World Bank,OEF:WB:subnational-population:20221106
BG-11,BGR_Lovech_BG.LV_710_BGR009,World Bank,OEF:WB:subnational-population:20221106
BG-09,BGR_Kardzhali_BG.KZ_708_BGR007,World Bank,OEF:WB:subnational-population:20221106
BG-26,BGR_Haskovo_BG.KK_706_BGR005,World Bank,OEF:WB:subnational-population:20221106
BG-08,BGR_Dobrich_BG.DO_704_BGR003,World Bank,OEF:WB:subnational-population:20221106
BG-01,BGR_Blagoevgrad_BG.BL_702_BGR001,World Bank,OEF:WB:subnational-population:20221106
BR-SE,BRA_Sergipe_BR.SE_690_BRA026,World Bank,OEF:WB:subnational-population:20221106
BR-SC,BRA_Santa_Catarina_BR.SC_688_BRA024,World Bank,OEF:WB:subnational-population:20221106
BR-RO,BRA_Rondonia_BR.RO_686_BRA022,World Bank,OEF:WB:subnational-population:20221106
BR-PI,BRA_Piaui_BR.PI_682_BRA018,World Bank,OEF:WB:subnational-population:20221106
BR-PA,BRA_Para_BR.PA_678_BRA014,World Bank,OEF:WB:subnational-population:20221106
BR-CE,BRA_Ceara_BR.CE_670_BRA006,World Bank,OEF:WB:subnational-population:20221106
BR-AM,BRA_Amazonas_BR.AM_668_BRA004,World Bank,OEF:WB:subnational-population:20221106
BR-AC,BRA_Acre_BR.AC_665_BRA001,World Bank,OEF:WB:subnational-population:20221106
BR-AL,BRA_Alagoas_BR.AL_666_BRA002,World Bank,OEF:WB:subnational-population:20221106
BT-32,BTN_Trongsa_BT.TO_638_BTN017,World Bank,OEF:WB:subnational-population:20221106
BT-41,BTN_Trashigang_BT.TA_637_BTN016,World Bank,OEF:WB:subnational-population:20221106
BT-31,BTN_Sarpang_BT.GE_41313_BTN013,World Bank,OEF:WB:subnational-population:20221106
BT-45,BTN_Samdrup_Jongkhar_BT.SJ_41311_BTN011,World Bank,OEF:WB:subnational-population:20221106
BT-13,BTN_Haa_BT.HA_41309_BTN005,World Bank,OEF:WB:subnational-population:20221106
BT-22,BTN_Dagana_BT.DA_41308_BTN003,World Bank,OEF:WB:subnational-population:20221106
BT-33,BTN_Bumthang_BT.BU_622_BTN001,World Bank,OEF:WB:subnational-population:20221106
BJ-PL,BEN_Plateau_BJ.PL_619_BEN011,World Bank,OEF:WB:subnational-population:20221106
BJ-DO,BEN_Donga_BJ.DO_615_BEN007,World Bank,OEF:WB:subnational-population:20221106
BJ-CO,BEN_Collines_BJ.CL_613_BEN005,World Bank,OEF:WB:subnational-population:20221106
BJ-MO,BEN_Mono_BJ.MO_617_BEN009,World Bank,OEF:WB:subnational-population:20221106
BJ-AQ,BEN_Atlantique_BJ.AQ_611_BEN003,World Bank,OEF:WB:subnational-population:20221106
BJ-AL,BEN_Alibori_BJ.AL_609_BEN001,World Bank,OEF:WB:subnational-population:20221106
BY-MI,BLR_Minsk_BY.MI_596_BLR004,World Bank,OEF:WB:subnational-population:20221106
BD-G,BGD_Sylhet_BD.SY_580_BGD006,World Bank,OEF:WB:subnational-population:20221106
BD-E,BGD_Rajshahi_BD.RS_61362_BGD005,World Bank,OEF:WB:subnational-population:20221106
BD-C,BGD_Dhaka_BD.DA_577_BGD003,World Bank,OEF:WB:subnational-population:20221106
AM-SU,ARM_Syunik_AM.SU_461_ARM008,World Bank,OEF:WB:subnational-population:20221106
AM-LO,ARM_Lori_AM.LO_458_ARM006,World Bank,OEF:WB:subnational-population:20221106
AM-GR,ARM_Gergharkunik_AM.GR_456_ARM004,World Bank,OEF:WB:subnational-population:20221106
AM-AR,ARM_Ararat_AM.AR_454_ARM002,World Bank,OEF:WB:subnational-population:20221106
AR-Z,ARG_Santa_Cruz_AR.SC_448_ARG020,World Bank,OEF:WB:subnational-population:20221106
AR-J,ARG_San_Juan_AR.SJ_446_ARG018,World Bank,OEF:WB:subnational-population:20221106
AR-N,ARG_Misiones_AR.MN_442_ARG014,World Bank,OEF:WB:subnational-population:20221106
AR-F,ARG_La_Rioja_AR.LR_440_ARG012,World Bank,OEF:WB:subnational-population:20221106
AR-Y,ARG_Jujuy_AR.JY_438_ARG010,World Bank,OEF:WB:subnational-population:20221106
AR-H,ARG_Chaco_AR.CC_432_ARG003,World Bank,OEF:WB:subnational-population:20221106
AO-ZAI,AGO_Zaire_AO.ZA_415_AGO018,World Bank,OEF:WB:subnational-population:20221106
AO-NAM,AGO_Namibe_AO.NA_413_AGO016,World Bank,OEF:WB:subnational-population:20221106
AO-HUA,AGO_Huambo_AO.HM_405_AGO009,World Bank,OEF:WB:subnational-population:20221106
AO-CAB,AGO_Cabinda_AO.CB_401_AGO004,World Bank,OEF:WB:subnational-population:20221106
AO-BGU,AGO_Benguela_AO.BG_399_AGO002,World Bank,OEF:WB:subnational-population:20221106
DZ-13,DZA_Tlemcen_DZ.TL_388_DZA048,World Bank,OEF:WB:subnational-population:20221106
DZ-38,DZA_Tissemsilt_DZ.TS_386_DZA046,World Bank,OEF:WB:subnational-population:20221106
DZ-37,DZA_Tindouf_DZ.TN_383_DZA044,World Bank,OEF:WB:subnational-population:20221106
DZ-31,DZA_Oran_DZ.OR_372_DZA032,World Bank,OEF:WB:subnational-population:20221106
DZ-27,DZA_Mostaganem_DZ.MG_369_DZA029,World Bank,OEF:WB:subnational-population:20221106
DZ-40,DZA_Khenchela_DZ.KH_364_DZA024,World Bank,OEF:WB:subnational-population:20221106
DZ-33,DZA_Illizi_DZ.IL_362_DZA022,World Bank,OEF:WB:subnational-population:20221106
DZ-39,DZA_El_Oued_DZ.EO_358_DZA018,World Bank,OEF:WB:subnational-population:20221106
DZ-17,DZA_Djelfa_DZ.DJ_356_DZA016,World Bank,OEF:WB:subnational-population:20221106
DZ-02,DZA_Chlef_DZ.CH_354_DZA014,World Bank,OEF:WB:subnational-population:20221106
DZ-10,DZA_Bouira_DZ.BU_352_DZA012,World Bank,OEF:WB:subnational-population:20221106
DZ-09,DZA_Blida_DZ.BL_350_DZA010,World Bank,OEF:WB:subnational-population:20221106
DZ-16,DZA_Alger_DZ.AL_344_DZA004,World Bank,OEF:WB:subnational-population:20221106
DZ-05,DZA_Batna_DZ.BT_346_DZA006,World Bank,OEF:WB:subnational-population:20221106
AL-03,ALB_Elbasan_AL.EB_311_ALB007,World Bank,OEF:WB:subnational-population:20221106
AF-BAL,AFG_Balkh_ District_3477,World Bank,OEF:WB:subnational-population:20221106
