actor_id,identifier,datasource_id,namespace
ECCC_G10121:549300ETZ2H2VN8K1243,ECCC_G10121:549300ETZ2H2VN8K1243,ECCC_GHGRP:2022-04-14,LOCODE_LEI
ECCC_G10897:ZRPT83FLC26QOUQ8DT58,ECCC_G10897:ZRPT83FLC26QOUQ8DT58,ECCC_GHGRP:2022-04-14,LOCODE_LEI
ECCC_G11174:5493005C3MRGJI6ZZF14,ECCC_G11174:5493005C3MRGJI6ZZF14,ECCC_GHGRP:2022-04-14,LOCODE_LEI
ECCC_G10125:635400MHHHT7LMKMQL03,ECCC_G10125:635400MHHHT7LMKMQL03,ECCC_GHGRP:2022-04-14,LOCODE_LEI
ECCC_G10419:549300ETZ2H2VN8K1243,ECCC_G10419:549300ETZ2H2VN8K1243,ECCC_GHGRP:2022-04-14,LOCODE_LEI
ECCC_G11236:549300ETZ2H2VN8K1243,ECCC_G11236:549300ETZ2H2VN8K1243,ECCC_GHGRP:2022-04-14,LOCODE_LEI
ECCC_G10053:549300ETZ2H2VN8K1243,ECCC_G10053:549300ETZ2H2VN8K1243,ECCC_GHGRP:2022-04-14,LOCODE_LEI
ECCC_G10006:549300ETZ2H2VN8K1243,ECCC_G10006:549300ETZ2H2VN8K1243,ECCC_GHGRP:2022-04-14,LOCODE_LEI
ECCC_G10032:54930037NB6NXS8EKP78,ECCC_G10032:54930037NB6NXS8EKP78,ECCC_GHGRP:2022-04-14,LOCODE_LEI
ECCC_G10161:54930037NB6NXS8EKP78,ECCC_G10161:54930037NB6NXS8EKP78,ECCC_GHGRP:2022-04-14,LOCODE_LEI
ECCC_G11808:54930037NB6NXS8EKP78,ECCC_G11808:54930037NB6NXS8EKP78,ECCC_GHGRP:2022-04-14,LOCODE_LEI
ECCC_G11809:54930037NB6NXS8EKP78,ECCC_G11809:54930037NB6NXS8EKP78,ECCC_GHGRP:2022-04-14,LOCODE_LEI
ECCC_G12336:54930037NB6NXS8EKP78,ECCC_G12336:54930037NB6NXS8EKP78,ECCC_GHGRP:2022-04-14,LOCODE_LEI
ECCC_G12309:54930037NB6NXS8EKP78,ECCC_G12309:54930037NB6NXS8EKP78,ECCC_GHGRP:2022-04-14,LOCODE_LEI
ECCC_G10033:5299000S9E1C0NBZXD39,ECCC_G10033:5299000S9E1C0NBZXD39,ECCC_GHGRP:2022-04-14,LOCODE_LEI
ECCC_G10067:5299000S9E1C0NBZXD39,ECCC_G10067:5299000S9E1C0NBZXD39,ECCC_GHGRP:2022-04-14,LOCODE_LEI
ECCC_G10112:5299000S9E1C0NBZXD39,ECCC_G10112:5299000S9E1C0NBZXD39,ECCC_GHGRP:2022-04-14,LOCODE_LEI
ECCC_G10111:549300GT6BLC9T74PS32,ECCC_G10111:549300GT6BLC9T74PS32,ECCC_GHGRP:2022-04-14,LOCODE_LEI
ECCC_G10170:5299000S9E1C0NBZXD39,ECCC_G10170:5299000S9E1C0NBZXD39,ECCC_GHGRP:2022-04-14,LOCODE_LEI
ECCC_G11558:5493009UL1CFLQ2GMZ46,ECCC_G11558:5493009UL1CFLQ2GMZ46,ECCC_GHGRP:2022-04-14,LOCODE_LEI
ECCC_G11968:5493009UL1CFLQ2GMZ46,ECCC_G11968:5493009UL1CFLQ2GMZ46,ECCC_GHGRP:2022-04-14,LOCODE_LEI
ECCC_G10171:5299000S9E1C0NBZXD39,ECCC_G10171:5299000S9E1C0NBZXD39,ECCC_GHGRP:2022-04-14,LOCODE_LEI
ECCC_G10173:5299000S9E1C0NBZXD39,ECCC_G10173:5299000S9E1C0NBZXD39,ECCC_GHGRP:2022-04-14,LOCODE_LEI
ECCC_G10157:XYSIJOU3HNVROZWNA008,ECCC_G10157:XYSIJOU3HNVROZWNA008,ECCC_GHGRP:2022-04-14,LOCODE_LEI
ECCC_G10172:5299000S9E1C0NBZXD39,ECCC_G10172:5299000S9E1C0NBZXD39,ECCC_GHGRP:2022-04-14,LOCODE_LEI
ECCC_G10114:549300SKZOPRJXN2F307,ECCC_G10114:549300SKZOPRJXN2F307,ECCC_GHGRP:2022-04-14,LOCODE_LEI
ECCC_G10043:549300V0FRLSRFEZFU13,ECCC_G10043:549300V0FRLSRFEZFU13,ECCC_GHGRP:2022-04-14,LOCODE_LEI
ECCC_G11165:N4BHALMXL3GMZKCUON55,ECCC_G11165:N4BHALMXL3GMZKCUON55,ECCC_GHGRP:2022-04-14,LOCODE_LEI
ECCC_G10050:549300V0FRLSRFEZFU13,ECCC_G10050:549300V0FRLSRFEZFU13,ECCC_GHGRP:2022-04-14,LOCODE_LEI
ECCC_G10051:549300V0FRLSRFEZFU13,ECCC_G10051:549300V0FRLSRFEZFU13,ECCC_GHGRP:2022-04-14,LOCODE_LEI
ECCC_G10044:549300ZB40TJUE9X2R65,ECCC_G10044:549300ZB40TJUE9X2R65,ECCC_GHGRP:2022-04-14,LOCODE_LEI
ECCC_G10068:549300Z9RSLCM1W45F39,ECCC_G10068:549300Z9RSLCM1W45F39,ECCC_GHGRP:2022-04-14,LOCODE_LEI
ECCC_G11187:549300Z9RSLCM1W45F39,ECCC_G11187:549300Z9RSLCM1W45F39,ECCC_GHGRP:2022-04-14,LOCODE_LEI
ECCC_G10047:549300VQ7HOMKDCK3V73,ECCC_G10047:549300VQ7HOMKDCK3V73,ECCC_GHGRP:2022-04-14,LOCODE_LEI
ECCC_G11081:549300FWQYIGXQKTLF33,ECCC_G11081:549300FWQYIGXQKTLF33,ECCC_GHGRP:2022-04-14,LOCODE_LEI
ECCC_G10057:549300FWQYIGXQKTLF33,ECCC_G10057:549300FWQYIGXQKTLF33,ECCC_GHGRP:2022-04-14,LOCODE_LEI
ECCC_G10057:2549003MR3W2EFW61T28,ECCC_G10057:2549003MR3W2EFW61T28,ECCC_GHGRP:2022-04-14,LOCODE_LEI
ECCC_G10644:549300LB21L42P0HSR70,ECCC_G10644:549300LB21L42P0HSR70,ECCC_GHGRP:2022-04-14,LOCODE_LEI
ECCC_G10059:54930056WZE8OYLZ0321,ECCC_G10059:54930056WZE8OYLZ0321,ECCC_GHGRP:2022-04-14,LOCODE_LEI
ECCC_G12290:54930056WZE8OYLZ0321,ECCC_G12290:54930056WZE8OYLZ0321,ECCC_GHGRP:2022-04-14,LOCODE_LEI
ECCC_G11209:6THEVG93PYJH84S4D167,ECCC_G11209:6THEVG93PYJH84S4D167,ECCC_GHGRP:2022-04-14,LOCODE_LEI
ECCC_G10063:6THEVG93PYJH84S4D167,ECCC_G10063:6THEVG93PYJH84S4D167,ECCC_GHGRP:2022-04-14,LOCODE_LEI
ECCC_G10065:549300F4XPHJ7NOSP309,ECCC_G10065:549300F4XPHJ7NOSP309,ECCC_GHGRP:2022-04-14,LOCODE_LEI
ECCC_G10744:549300T15RIMIKZC5Q38,ECCC_G10744:549300T15RIMIKZC5Q38,ECCC_GHGRP:2022-04-14,LOCODE_LEI
ECCC_G10465:549300F4XPHJ7NOSP309,ECCC_G10465:549300F4XPHJ7NOSP309,ECCC_GHGRP:2022-04-14,LOCODE_LEI
ECCC_G10324:549300T15RIMIKZC5Q38,ECCC_G10324:549300T15RIMIKZC5Q38,ECCC_GHGRP:2022-04-14,LOCODE_LEI
ECCC_G11166:549300T15RIMIKZC5Q38,ECCC_G11166:549300T15RIMIKZC5Q38,ECCC_GHGRP:2022-04-14,LOCODE_LEI
ECCC_G11183:549300T15RIMIKZC5Q38,ECCC_G11183:549300T15RIMIKZC5Q38,ECCC_GHGRP:2022-04-14,LOCODE_LEI
ECCC_G12013:549300T15RIMIKZC5Q38,ECCC_G12013:549300T15RIMIKZC5Q38,ECCC_GHGRP:2022-04-14,LOCODE_LEI
ECCC_G10775:549300T15RIMIKZC5Q38,ECCC_G10775:549300T15RIMIKZC5Q38,ECCC_GHGRP:2022-04-14,LOCODE_LEI
ECCC_G10073:549300VU2OWM86LFP557,ECCC_G10073:549300VU2OWM86LFP557,ECCC_GHGRP:2022-04-14,LOCODE_LEI
ECCC_G11902:549300Z9RSLCM1W45F39,ECCC_G11902:549300Z9RSLCM1W45F39,ECCC_GHGRP:2022-04-14,LOCODE_LEI
ECCC_G10071:QQTTPMZD0WKQL0H5S472,ECCC_G10071:QQTTPMZD0WKQL0H5S472,ECCC_GHGRP:2022-04-14,LOCODE_LEI
ECCC_G10075:254900TQNYYLYHQXGL14,ECCC_G10075:254900TQNYYLYHQXGL14,ECCC_GHGRP:2022-04-14,LOCODE_LEI
ECCC_G10415:254900TQNYYLYHQXGL14,ECCC_G10415:254900TQNYYLYHQXGL14,ECCC_GHGRP:2022-04-14,LOCODE_LEI
ECCC_G10472:254900TQNYYLYHQXGL14,ECCC_G10472:254900TQNYYLYHQXGL14,ECCC_GHGRP:2022-04-14,LOCODE_LEI
ECCC_G10082:549300XC9E3MQMOFK383,ECCC_G10082:549300XC9E3MQMOFK383,ECCC_GHGRP:2022-04-14,LOCODE_LEI
ECCC_G10230:549300XC9E3MQMOFK383,ECCC_G10230:549300XC9E3MQMOFK383,ECCC_GHGRP:2022-04-14,LOCODE_LEI
ECCC_G10231:549300XC9E3MQMOFK383,ECCC_G10231:549300XC9E3MQMOFK383,ECCC_GHGRP:2022-04-14,LOCODE_LEI
ECCC_G10102:549300XC9E3MQMOFK383,ECCC_G10102:549300XC9E3MQMOFK383,ECCC_GHGRP:2022-04-14,LOCODE_LEI
ECCC_G10216:549300XC9E3MQMOFK383,ECCC_G10216:549300XC9E3MQMOFK383,ECCC_GHGRP:2022-04-14,LOCODE_LEI
ECCC_G10691:549300JKT5KTWQGH8W42,ECCC_G10691:549300JKT5KTWQGH8W42,ECCC_GHGRP:2022-04-14,LOCODE_LEI
ECCC_G10091:549300ZWW04O98IXFO27,ECCC_G10091:549300ZWW04O98IXFO27,ECCC_GHGRP:2022-04-14,LOCODE_LEI
ECCC_G10275:549300TE72QZCLE47467,ECCC_G10275:549300TE72QZCLE47467,ECCC_GHGRP:2022-04-14,LOCODE_LEI
ECCC_G10332:549300SSW2M4U7Q46278,ECCC_G10332:549300SSW2M4U7Q46278,ECCC_GHGRP:2022-04-14,LOCODE_LEI
ECCC_G12265:549300SSW2M4U7Q46278,ECCC_G12265:549300SSW2M4U7Q46278,ECCC_GHGRP:2022-04-14,LOCODE_LEI
ECCC_G10423:5493005C3MRGJI6ZZF14,ECCC_G10423:5493005C3MRGJI6ZZF14,ECCC_GHGRP:2022-04-14,LOCODE_LEI
ECCC_G10093:XYSIJOU3HNVROZWNA008,ECCC_G10093:XYSIJOU3HNVROZWNA008,ECCC_GHGRP:2022-04-14,LOCODE_LEI
ECCC_G10318:XYSIJOU3HNVROZWNA008,ECCC_G10318:XYSIJOU3HNVROZWNA008,ECCC_GHGRP:2022-04-14,LOCODE_LEI
ECCC_G10452:XYSIJOU3HNVROZWNA008,ECCC_G10452:XYSIJOU3HNVROZWNA008,ECCC_GHGRP:2022-04-14,LOCODE_LEI
ECCC_G10315:5493006UUHUKRKECPK41,ECCC_G10315:5493006UUHUKRKECPK41,ECCC_GHGRP:2022-04-14,LOCODE_LEI
ECCC_G10113:549300GT6BLC9T74PS32,ECCC_G10113:549300GT6BLC9T74PS32,ECCC_GHGRP:2022-04-14,LOCODE_LEI
ECCC_G10218:549300GT6BLC9T74PS32,ECCC_G10218:549300GT6BLC9T74PS32,ECCC_GHGRP:2022-04-14,LOCODE_LEI
ECCC_G10118:549300D6IHC1ALPRUY09,ECCC_G10118:549300D6IHC1ALPRUY09,ECCC_GHGRP:2022-04-14,LOCODE_LEI
ECCC_G10377:5493009UL1CFLQ2GMZ46,ECCC_G10377:5493009UL1CFLQ2GMZ46,ECCC_GHGRP:2022-04-14,LOCODE_LEI
ECCC_G10675:CZ72ZHBVKZXQRV3XFE26,ECCC_G10675:CZ72ZHBVKZXQRV3XFE26,ECCC_GHGRP:2022-04-14,LOCODE_LEI
ECCC_G11376:CZ72ZHBVKZXQRV3XFE26,ECCC_G11376:CZ72ZHBVKZXQRV3XFE26,ECCC_GHGRP:2022-04-14,LOCODE_LEI
ECCC_G10938:549300D6IHC1ALPRUY09,ECCC_G10938:549300D6IHC1ALPRUY09,ECCC_GHGRP:2022-04-14,LOCODE_LEI
ECCC_G12198:549300D6IHC1ALPRUY09,ECCC_G12198:549300D6IHC1ALPRUY09,ECCC_GHGRP:2022-04-14,LOCODE_LEI
ECCC_G10549:549300T15RIMIKZC5Q38,ECCC_G10549:549300T15RIMIKZC5Q38,ECCC_GHGRP:2022-04-14,LOCODE_LEI
ECCC_G11190:549300T15RIMIKZC5Q38,ECCC_G11190:549300T15RIMIKZC5Q38,ECCC_GHGRP:2022-04-14,LOCODE_LEI
ECCC_G11238:549300T15RIMIKZC5Q38,ECCC_G11238:549300T15RIMIKZC5Q38,ECCC_GHGRP:2022-04-14,LOCODE_LEI
ECCC_G11328:549300T15RIMIKZC5Q38,ECCC_G11328:549300T15RIMIKZC5Q38,ECCC_GHGRP:2022-04-14,LOCODE_LEI
ECCC_G12148:549300T15RIMIKZC5Q38,ECCC_G12148:549300T15RIMIKZC5Q38,ECCC_GHGRP:2022-04-14,LOCODE_LEI
ECCC_G10429:549300T15RIMIKZC5Q38,ECCC_G10429:549300T15RIMIKZC5Q38,ECCC_GHGRP:2022-04-14,LOCODE_LEI
ECCC_G10869:CZ72ZHBVKZXQRV3XFE26,ECCC_G10869:CZ72ZHBVKZXQRV3XFE26,ECCC_GHGRP:2022-04-14,LOCODE_LEI
ECCC_G10870:CZ72ZHBVKZXQRV3XFE26,ECCC_G10870:CZ72ZHBVKZXQRV3XFE26,ECCC_GHGRP:2022-04-14,LOCODE_LEI
ECCC_G11283:CZ72ZHBVKZXQRV3XFE26,ECCC_G11283:CZ72ZHBVKZXQRV3XFE26,ECCC_GHGRP:2022-04-14,LOCODE_LEI
ECCC_G11393:CZ72ZHBVKZXQRV3XFE26,ECCC_G11393:CZ72ZHBVKZXQRV3XFE26,ECCC_GHGRP:2022-04-14,LOCODE_LEI
ECCC_G11462:CZ72ZHBVKZXQRV3XFE26,ECCC_G11462:CZ72ZHBVKZXQRV3XFE26,ECCC_GHGRP:2022-04-14,LOCODE_LEI
ECCC_G12365:CZ72ZHBVKZXQRV3XFE26,ECCC_G12365:CZ72ZHBVKZXQRV3XFE26,ECCC_GHGRP:2022-04-14,LOCODE_LEI
ECCC_G12432:CZ72ZHBVKZXQRV3XFE26,ECCC_G12432:CZ72ZHBVKZXQRV3XFE26,ECCC_GHGRP:2022-04-14,LOCODE_LEI
ECCC_G10341:5493002HWKHG11IPOG10,ECCC_G10341:5493002HWKHG11IPOG10,ECCC_GHGRP:2022-04-14,LOCODE_LEI
ECCC_G10130:08IRJODWFYBI7QWRGS31,ECCC_G10130:08IRJODWFYBI7QWRGS31,ECCC_GHGRP:2022-04-14,LOCODE_LEI
ECCC_G10430:549300T15RIMIKZC5Q38,ECCC_G10430:549300T15RIMIKZC5Q38,ECCC_GHGRP:2022-04-14,LOCODE_LEI
ECCC_G12021:549300T15RIMIKZC5Q38,ECCC_G12021:549300T15RIMIKZC5Q38,ECCC_GHGRP:2022-04-14,LOCODE_LEI
ECCC_G12223:5493009UL1CFLQ2GMZ46,ECCC_G12223:5493009UL1CFLQ2GMZ46,ECCC_GHGRP:2022-04-14,LOCODE_LEI
ECCC_G11363:549300ZX1Z8QGWASPX54,ECCC_G11363:549300ZX1Z8QGWASPX54,ECCC_GHGRP:2022-04-14,LOCODE_LEI
ECCC_G11473:CZ72ZHBVKZXQRV3XFE26,ECCC_G11473:CZ72ZHBVKZXQRV3XFE26,ECCC_GHGRP:2022-04-14,LOCODE_LEI
ECCC_G11443:549300MG32TDSM60SX75,ECCC_G11443:549300MG32TDSM60SX75,ECCC_GHGRP:2022-04-14,LOCODE_LEI
ECCC_G11476:549300MG32TDSM60SX75,ECCC_G11476:549300MG32TDSM60SX75,ECCC_GHGRP:2022-04-14,LOCODE_LEI
ECCC_G12339:549300MG32TDSM60SX75,ECCC_G12339:549300MG32TDSM60SX75,ECCC_GHGRP:2022-04-14,LOCODE_LEI
ECCC_G10428:549300T15RIMIKZC5Q38,ECCC_G10428:549300T15RIMIKZC5Q38,ECCC_GHGRP:2022-04-14,LOCODE_LEI
ECCC_G10431:549300T15RIMIKZC5Q38,ECCC_G10431:549300T15RIMIKZC5Q38,ECCC_GHGRP:2022-04-14,LOCODE_LEI
ECCC_G11139:5493009UL1CFLQ2GMZ46,ECCC_G11139:5493009UL1CFLQ2GMZ46,ECCC_GHGRP:2022-04-14,LOCODE_LEI
ECCC_G12313:5493009UL1CFLQ2GMZ46,ECCC_G12313:5493009UL1CFLQ2GMZ46,ECCC_GHGRP:2022-04-14,LOCODE_LEI
ECCC_G11138:5493009UL1CFLQ2GMZ46,ECCC_G11138:5493009UL1CFLQ2GMZ46,ECCC_GHGRP:2022-04-14,LOCODE_LEI
ECCC_G11370:5493007C77EEJ03RCD29,ECCC_G11370:5493007C77EEJ03RCD29,ECCC_GHGRP:2022-04-14,LOCODE_LEI
ECCC_G10651:08IRJODWFYBI7QWRGS31,ECCC_G10651:08IRJODWFYBI7QWRGS31,ECCC_GHGRP:2022-04-14,LOCODE_LEI
ECCC_G10147:5493009UL1CFLQ2GMZ46,ECCC_G10147:5493009UL1CFLQ2GMZ46,ECCC_GHGRP:2022-04-14,LOCODE_LEI
ECCC_G10329:5493009UL1CFLQ2GMZ46,ECCC_G10329:5493009UL1CFLQ2GMZ46,ECCC_GHGRP:2022-04-14,LOCODE_LEI
ECCC_G10389:5493009UL1CFLQ2GMZ46,ECCC_G10389:5493009UL1CFLQ2GMZ46,ECCC_GHGRP:2022-04-14,LOCODE_LEI
ECCC_G10475:5493009UL1CFLQ2GMZ46,ECCC_G10475:5493009UL1CFLQ2GMZ46,ECCC_GHGRP:2022-04-14,LOCODE_LEI
ECCC_G10780:5493009UL1CFLQ2GMZ46,ECCC_G10780:5493009UL1CFLQ2GMZ46,ECCC_GHGRP:2022-04-14,LOCODE_LEI
ECCC_G10841:5493009UL1CFLQ2GMZ46,ECCC_G10841:5493009UL1CFLQ2GMZ46,ECCC_GHGRP:2022-04-14,LOCODE_LEI
ECCC_G10842:5493009UL1CFLQ2GMZ46,ECCC_G10842:5493009UL1CFLQ2GMZ46,ECCC_GHGRP:2022-04-14,LOCODE_LEI
ECCC_G11495:5493009UL1CFLQ2GMZ46,ECCC_G11495:5493009UL1CFLQ2GMZ46,ECCC_GHGRP:2022-04-14,LOCODE_LEI
ECCC_G11948:5493009UL1CFLQ2GMZ46,ECCC_G11948:5493009UL1CFLQ2GMZ46,ECCC_GHGRP:2022-04-14,LOCODE_LEI
ECCC_G10224:5493009UL1CFLQ2GMZ46,ECCC_G10224:5493009UL1CFLQ2GMZ46,ECCC_GHGRP:2022-04-14,LOCODE_LEI
ECCC_G10411:5493009UL1CFLQ2GMZ46,ECCC_G10411:5493009UL1CFLQ2GMZ46,ECCC_GHGRP:2022-04-14,LOCODE_LEI
ECCC_G10476:5493009UL1CFLQ2GMZ46,ECCC_G10476:5493009UL1CFLQ2GMZ46,ECCC_GHGRP:2022-04-14,LOCODE_LEI
ECCC_G10241:5493002HWKHG11IPOG10,ECCC_G10241:5493002HWKHG11IPOG10,ECCC_GHGRP:2022-04-14,LOCODE_LEI
ECCC_G10242:5493002HWKHG11IPOG10,ECCC_G10242:5493002HWKHG11IPOG10,ECCC_GHGRP:2022-04-14,LOCODE_LEI
ECCC_G10711:5493009UL1CFLQ2GMZ46,ECCC_G10711:5493009UL1CFLQ2GMZ46,ECCC_GHGRP:2022-04-14,LOCODE_LEI
ECCC_G11145:5493009UL1CFLQ2GMZ46,ECCC_G11145:5493009UL1CFLQ2GMZ46,ECCC_GHGRP:2022-04-14,LOCODE_LEI
ECCC_G11330:5493009UL1CFLQ2GMZ46,ECCC_G11330:5493009UL1CFLQ2GMZ46,ECCC_GHGRP:2022-04-14,LOCODE_LEI
ECCC_G11538:5493009UL1CFLQ2GMZ46,ECCC_G11538:5493009UL1CFLQ2GMZ46,ECCC_GHGRP:2022-04-14,LOCODE_LEI
ECCC_G12155:5493009UL1CFLQ2GMZ46,ECCC_G12155:5493009UL1CFLQ2GMZ46,ECCC_GHGRP:2022-04-14,LOCODE_LEI
ECCC_G12178:5493009UL1CFLQ2GMZ46,ECCC_G12178:5493009UL1CFLQ2GMZ46,ECCC_GHGRP:2022-04-14,LOCODE_LEI
ECCC_G12205:5493009UL1CFLQ2GMZ46,ECCC_G12205:5493009UL1CFLQ2GMZ46,ECCC_GHGRP:2022-04-14,LOCODE_LEI
ECCC_G12256:5493009UL1CFLQ2GMZ46,ECCC_G12256:5493009UL1CFLQ2GMZ46,ECCC_GHGRP:2022-04-14,LOCODE_LEI
ECCC_G12266:5493009UL1CFLQ2GMZ46,ECCC_G12266:5493009UL1CFLQ2GMZ46,ECCC_GHGRP:2022-04-14,LOCODE_LEI
ECCC_G10913:N4BHALMXL3GMZKCUON55,ECCC_G10913:N4BHALMXL3GMZKCUON55,ECCC_GHGRP:2022-04-14,LOCODE_LEI
ECCC_G10922:N4BHALMXL3GMZKCUON55,ECCC_G10922:N4BHALMXL3GMZKCUON55,ECCC_GHGRP:2022-04-14,LOCODE_LEI
ECCC_G10918:N4BHALMXL3GMZKCUON55,ECCC_G10918:N4BHALMXL3GMZKCUON55,ECCC_GHGRP:2022-04-14,LOCODE_LEI
ECCC_G10923:N4BHALMXL3GMZKCUON55,ECCC_G10923:N4BHALMXL3GMZKCUON55,ECCC_GHGRP:2022-04-14,LOCODE_LEI
ECCC_G10080:5493002HWKHG11IPOG10,ECCC_G10080:5493002HWKHG11IPOG10,ECCC_GHGRP:2022-04-14,LOCODE_LEI
ECCC_G10234:5493009UL1CFLQ2GMZ46,ECCC_G10234:5493009UL1CFLQ2GMZ46,ECCC_GHGRP:2022-04-14,LOCODE_LEI
ECCC_G10243:5493009UL1CFLQ2GMZ46,ECCC_G10243:5493009UL1CFLQ2GMZ46,ECCC_GHGRP:2022-04-14,LOCODE_LEI
ECCC_G10394:5493009UL1CFLQ2GMZ46,ECCC_G10394:5493009UL1CFLQ2GMZ46,ECCC_GHGRP:2022-04-14,LOCODE_LEI
ECCC_G10168:549300I1AHR8KMMFIS52,ECCC_G10168:549300I1AHR8KMMFIS52,ECCC_GHGRP:2022-04-14,LOCODE_LEI
ECCC_G10199:549300MO45LTBPAU4Z27,ECCC_G10199:549300MO45LTBPAU4Z27,ECCC_GHGRP:2022-04-14,LOCODE_LEI
ECCC_G10250:549300MO45LTBPAU4Z27,ECCC_G10250:549300MO45LTBPAU4Z27,ECCC_GHGRP:2022-04-14,LOCODE_LEI
ECCC_G10251:549300MO45LTBPAU4Z27,ECCC_G10251:549300MO45LTBPAU4Z27,ECCC_GHGRP:2022-04-14,LOCODE_LEI
ECCC_G10255:549300MO45LTBPAU4Z27,ECCC_G10255:549300MO45LTBPAU4Z27,ECCC_GHGRP:2022-04-14,LOCODE_LEI
ECCC_G10209:529900L1EHUYOIRVR143,ECCC_G10209:529900L1EHUYOIRVR143,ECCC_GHGRP:2022-04-14,LOCODE_LEI
ECCC_G10278:549300MO45LTBPAU4Z27,ECCC_G10278:549300MO45LTBPAU4Z27,ECCC_GHGRP:2022-04-14,LOCODE_LEI
ECCC_G10361:ZRPT83FLC26QOUQ8DT58,ECCC_G10361:ZRPT83FLC26QOUQ8DT58,ECCC_GHGRP:2022-04-14,LOCODE_LEI
ECCC_G11251:5493007F4QFHW2NTYS81,ECCC_G11251:5493007F4QFHW2NTYS81,ECCC_GHGRP:2022-04-14,LOCODE_LEI
ECCC_G10084:549300MO45LTBPAU4Z27,ECCC_G10084:549300MO45LTBPAU4Z27,ECCC_GHGRP:2022-04-14,LOCODE_LEI
ECCC_G10258:549300183M7GYZ90QS57,ECCC_G10258:549300183M7GYZ90QS57,ECCC_GHGRP:2022-04-14,LOCODE_LEI
ECCC_G10019:54930076R7DSUQLIJE29,ECCC_G10019:54930076R7DSUQLIJE29,ECCC_GHGRP:2022-04-14,LOCODE_LEI
ECCC_G10271:549300QIZNVNHW2M3G58,ECCC_G10271:549300QIZNVNHW2M3G58,ECCC_GHGRP:2022-04-14,LOCODE_LEI
ECCC_G10273:5493009981WBHS86CJ89,ECCC_G10273:5493009981WBHS86CJ89,ECCC_GHGRP:2022-04-14,LOCODE_LEI
ECCC_G10302:5493004Z9TCQW68YVL89,ECCC_G10302:5493004Z9TCQW68YVL89,ECCC_GHGRP:2022-04-14,LOCODE_LEI
ECCC_G10330:54930030MPVYJ0MTAS08,ECCC_G10330:54930030MPVYJ0MTAS08,ECCC_GHGRP:2022-04-14,LOCODE_LEI
ECCC_G10343:549300ZX1Z8QGWASPX54,ECCC_G10343:549300ZX1Z8QGWASPX54,ECCC_GHGRP:2022-04-14,LOCODE_LEI
ECCC_G10864:549300ZX1Z8QGWASPX54,ECCC_G10864:549300ZX1Z8QGWASPX54,ECCC_GHGRP:2022-04-14,LOCODE_LEI
ECCC_G10975:549300ZX1Z8QGWASPX54,ECCC_G10975:549300ZX1Z8QGWASPX54,ECCC_GHGRP:2022-04-14,LOCODE_LEI
ECCC_G11211:549300ZX1Z8QGWASPX54,ECCC_G11211:549300ZX1Z8QGWASPX54,ECCC_GHGRP:2022-04-14,LOCODE_LEI
ECCC_G10346:JSP0TNC596XKLBPR0Y26,ECCC_G10346:JSP0TNC596XKLBPR0Y26,ECCC_GHGRP:2022-04-14,LOCODE_LEI
ECCC_G10355:5493005QJZPINYFP3420,ECCC_G10355:5493005QJZPINYFP3420,ECCC_GHGRP:2022-04-14,LOCODE_LEI
ECCC_G10358:549300G5NNL3OGZRXK45,ECCC_G10358:549300G5NNL3OGZRXK45,ECCC_GHGRP:2022-04-14,LOCODE_LEI
ECCC_G10360:ZRPT83FLC26QOUQ8DT58,ECCC_G10360:ZRPT83FLC26QOUQ8DT58,ECCC_GHGRP:2022-04-14,LOCODE_LEI
ECCC_G10366:254900S2XROLM5WUR914,ECCC_G10366:254900S2XROLM5WUR914,ECCC_GHGRP:2022-04-14,LOCODE_LEI
ECCC_G10376:549300FCRH8BIELHLK38,ECCC_G10376:549300FCRH8BIELHLK38,ECCC_GHGRP:2022-04-14,LOCODE_LEI
ECCC_G11162:549300FCRH8BIELHLK38,ECCC_G11162:549300FCRH8BIELHLK38,ECCC_GHGRP:2022-04-14,LOCODE_LEI
ECCC_G10527:549300JVK4B3OCNPFG14,ECCC_G10527:549300JVK4B3OCNPFG14,ECCC_GHGRP:2022-04-14,LOCODE_LEI
ECCC_G10545:549300PTBTWUDQPGRE86,ECCC_G10545:549300PTBTWUDQPGRE86,ECCC_GHGRP:2022-04-14,LOCODE_LEI
ECCC_G11173:5493005C3MRGJI6ZZF14,ECCC_G11173:5493005C3MRGJI6ZZF14,ECCC_GHGRP:2022-04-14,LOCODE_LEI
ECCC_G11186:5493005C3MRGJI6ZZF14,ECCC_G11186:5493005C3MRGJI6ZZF14,ECCC_GHGRP:2022-04-14,LOCODE_LEI
ECCC_G11913:5493005C3MRGJI6ZZF14,ECCC_G11913:5493005C3MRGJI6ZZF14,ECCC_GHGRP:2022-04-14,LOCODE_LEI
ECCC_G10427:549300LM7VO08PVE7165,ECCC_G10427:549300LM7VO08PVE7165,ECCC_GHGRP:2022-04-14,LOCODE_LEI
ECCC_G10456:CZ72ZHBVKZXQRV3XFE26,ECCC_G10456:CZ72ZHBVKZXQRV3XFE26,ECCC_GHGRP:2022-04-14,LOCODE_LEI
ECCC_G10676:CZ72ZHBVKZXQRV3XFE26,ECCC_G10676:CZ72ZHBVKZXQRV3XFE26,ECCC_GHGRP:2022-04-14,LOCODE_LEI
ECCC_G10942:CZ72ZHBVKZXQRV3XFE26,ECCC_G10942:CZ72ZHBVKZXQRV3XFE26,ECCC_GHGRP:2022-04-14,LOCODE_LEI
ECCC_G10943:CZ72ZHBVKZXQRV3XFE26,ECCC_G10943:CZ72ZHBVKZXQRV3XFE26,ECCC_GHGRP:2022-04-14,LOCODE_LEI
ECCC_G10944:CZ72ZHBVKZXQRV3XFE26,ECCC_G10944:CZ72ZHBVKZXQRV3XFE26,ECCC_GHGRP:2022-04-14,LOCODE_LEI
ECCC_G10945:CZ72ZHBVKZXQRV3XFE26,ECCC_G10945:CZ72ZHBVKZXQRV3XFE26,ECCC_GHGRP:2022-04-14,LOCODE_LEI
ECCC_G10947:CZ72ZHBVKZXQRV3XFE26,ECCC_G10947:CZ72ZHBVKZXQRV3XFE26,ECCC_GHGRP:2022-04-14,LOCODE_LEI
ECCC_G11207:CZ72ZHBVKZXQRV3XFE26,ECCC_G11207:CZ72ZHBVKZXQRV3XFE26,ECCC_GHGRP:2022-04-14,LOCODE_LEI
ECCC_G11464:CZ72ZHBVKZXQRV3XFE26,ECCC_G11464:CZ72ZHBVKZXQRV3XFE26,ECCC_GHGRP:2022-04-14,LOCODE_LEI
ECCC_G11539:CZ72ZHBVKZXQRV3XFE26,ECCC_G11539:CZ72ZHBVKZXQRV3XFE26,ECCC_GHGRP:2022-04-14,LOCODE_LEI
ECCC_G11907:CZ72ZHBVKZXQRV3XFE26,ECCC_G11907:CZ72ZHBVKZXQRV3XFE26,ECCC_GHGRP:2022-04-14,LOCODE_LEI
ECCC_G11908:CZ72ZHBVKZXQRV3XFE26,ECCC_G11908:CZ72ZHBVKZXQRV3XFE26,ECCC_GHGRP:2022-04-14,LOCODE_LEI
ECCC_G10946:CZ72ZHBVKZXQRV3XFE26,ECCC_G10946:CZ72ZHBVKZXQRV3XFE26,ECCC_GHGRP:2022-04-14,LOCODE_LEI
ECCC_G11905:CZ72ZHBVKZXQRV3XFE26,ECCC_G11905:CZ72ZHBVKZXQRV3XFE26,ECCC_GHGRP:2022-04-14,LOCODE_LEI
ECCC_G10747:CZ72ZHBVKZXQRV3XFE26,ECCC_G10747:CZ72ZHBVKZXQRV3XFE26,ECCC_GHGRP:2022-04-14,LOCODE_LEI
ECCC_G10467:8ZVIH12NGFM5URTOES98,ECCC_G10467:8ZVIH12NGFM5URTOES98,ECCC_GHGRP:2022-04-14,LOCODE_LEI
ECCC_G10620:VFIHQZIFDSYYZFB4MS14,ECCC_G10620:VFIHQZIFDSYYZFB4MS14,ECCC_GHGRP:2022-04-14,LOCODE_LEI
ECCC_G10909:VFIHQZIFDSYYZFB4MS14,ECCC_G10909:VFIHQZIFDSYYZFB4MS14,ECCC_GHGRP:2022-04-14,LOCODE_LEI
ECCC_G10776:549300MG32TDSM60SX75,ECCC_G10776:549300MG32TDSM60SX75,ECCC_GHGRP:2022-04-14,LOCODE_LEI
ECCC_G10847:549300UCIWUSZZYHYW84,ECCC_G10847:549300UCIWUSZZYHYW84,ECCC_GHGRP:2022-04-14,LOCODE_LEI
ECCC_G11319:N4BHALMXL3GMZKCUON55,ECCC_G11319:N4BHALMXL3GMZKCUON55,ECCC_GHGRP:2022-04-14,LOCODE_LEI
ECCC_G10920:5493009GMSB2VESBDR34,ECCC_G10920:5493009GMSB2VESBDR34,ECCC_GHGRP:2022-04-14,LOCODE_LEI
ECCC_G10929:5493007BP7SN5IQL5G42,ECCC_G10929:5493007BP7SN5IQL5G42,ECCC_GHGRP:2022-04-14,LOCODE_LEI
ECCC_G10931:5493007BP7SN5IQL5G42,ECCC_G10931:5493007BP7SN5IQL5G42,ECCC_GHGRP:2022-04-14,LOCODE_LEI
ECCC_G10954:529900TR69X5FFZ6K955,ECCC_G10954:529900TR69X5FFZ6K955,ECCC_GHGRP:2022-04-14,LOCODE_LEI
ECCC_G11119:5493002NPV85N4GKF844,ECCC_G11119:5493002NPV85N4GKF844,ECCC_GHGRP:2022-04-14,LOCODE_LEI
ECCC_G12296:254900CX4FIIDFHO6182,ECCC_G12296:254900CX4FIIDFHO6182,ECCC_GHGRP:2022-04-14,LOCODE_LEI
ECCC_G12298:PRAQ4VOSFIK7OQ8Z2512,ECCC_G12298:PRAQ4VOSFIK7OQ8Z2512,ECCC_GHGRP:2022-04-14,LOCODE_LEI
ECCC_G10077:PRAQ4VOSFIK7OQ8Z2512,ECCC_G10077:PRAQ4VOSFIK7OQ8Z2512,ECCC_GHGRP:2022-04-14,LOCODE_LEI
ECCC_G10078:PRAQ4VOSFIK7OQ8Z2512,ECCC_G10078:PRAQ4VOSFIK7OQ8Z2512,ECCC_GHGRP:2022-04-14,LOCODE_LEI
ECCC_G12366:254900CX4FIIDFHO6182,ECCC_G12366:254900CX4FIIDFHO6182,ECCC_GHGRP:2022-04-14,LOCODE_LEI
ECCC_G10319:549300G0W4VLC3WELV71,ECCC_G10319:549300G0W4VLC3WELV71,ECCC_GHGRP:2022-04-14,LOCODE_LEI
ECCC_G10576:5493007F4QFHW2NTYS81,ECCC_G10576:5493007F4QFHW2NTYS81,ECCC_GHGRP:2022-04-14,LOCODE_LEI
ECCC_G10574:5493007F4QFHW2NTYS81,ECCC_G10574:5493007F4QFHW2NTYS81,ECCC_GHGRP:2022-04-14,LOCODE_LEI
ECCC_G11917:5493007F4QFHW2NTYS81,ECCC_G11917:5493007F4QFHW2NTYS81,ECCC_GHGRP:2022-04-14,LOCODE_LEI
ECCC_G10018:5493002HWKHG11IPOG10,ECCC_G10018:5493002HWKHG11IPOG10,ECCC_GHGRP:2022-04-14,LOCODE_LEI
ECCC_G10265:5493002HWKHG11IPOG10,ECCC_G10265:5493002HWKHG11IPOG10,ECCC_GHGRP:2022-04-14,LOCODE_LEI
ECCC_G10349:5493002HWKHG11IPOG10,ECCC_G10349:5493002HWKHG11IPOG10,ECCC_GHGRP:2022-04-14,LOCODE_LEI
ECCC_G10345:5493002HWKHG11IPOG10,ECCC_G10345:5493002HWKHG11IPOG10,ECCC_GHGRP:2022-04-14,LOCODE_LEI
ECCC_G11920:5493002HWKHG11IPOG10,ECCC_G11920:5493002HWKHG11IPOG10,ECCC_GHGRP:2022-04-14,LOCODE_LEI
ECCC_G10562:549300QUFIU3WKO98O62,ECCC_G10562:549300QUFIU3WKO98O62,ECCC_GHGRP:2022-04-14,LOCODE_LEI
ECCC_G11321:5493002LQV1DCOPQHR04,ECCC_G11321:5493002LQV1DCOPQHR04,ECCC_GHGRP:2022-04-14,LOCODE_LEI
ECCC_G11212:549300KV0RHWDY3ZW261,ECCC_G11212:549300KV0RHWDY3ZW261,ECCC_GHGRP:2022-04-14,LOCODE_LEI
ECCC_G10699:549300KV0RHWDY3ZW261,ECCC_G10699:549300KV0RHWDY3ZW261,ECCC_GHGRP:2022-04-14,LOCODE_LEI
ECCC_G10642:549300KV0RHWDY3ZW261,ECCC_G10642:549300KV0RHWDY3ZW261,ECCC_GHGRP:2022-04-14,LOCODE_LEI
ECCC_G10204:549300VU2OWM86LFP557,ECCC_G10204:549300VU2OWM86LFP557,ECCC_GHGRP:2022-04-14,LOCODE_LEI
ECCC_G10237:549300VU2OWM86LFP557,ECCC_G10237:549300VU2OWM86LFP557,ECCC_GHGRP:2022-04-14,LOCODE_LEI
ECCC_G10237:549300HS6LC2Q5HWA620,ECCC_G10237:549300HS6LC2Q5HWA620,ECCC_GHGRP:2022-04-14,LOCODE_LEI
ECCC_G10023:549300VU2OWM86LFP557,ECCC_G10023:549300VU2OWM86LFP557,ECCC_GHGRP:2022-04-14,LOCODE_LEI
ECCC_G10155:549300HS6LC2Q5HWA620,ECCC_G10155:549300HS6LC2Q5HWA620,ECCC_GHGRP:2022-04-14,LOCODE_LEI
ECCC_G10156:549300HS6LC2Q5HWA620,ECCC_G10156:549300HS6LC2Q5HWA620,ECCC_GHGRP:2022-04-14,LOCODE_LEI
ECCC_G10371:549300HS6LC2Q5HWA620,ECCC_G10371:549300HS6LC2Q5HWA620,ECCC_GHGRP:2022-04-14,LOCODE_LEI
ECCC_G10656:549300HS6LC2Q5HWA620,ECCC_G10656:549300HS6LC2Q5HWA620,ECCC_GHGRP:2022-04-14,LOCODE_LEI
ECCC_G10425:2549003MR3W2EFW61T28,ECCC_G10425:2549003MR3W2EFW61T28,ECCC_GHGRP:2022-04-14,LOCODE_LEI
ECCC_G10478:549300TKZ4DLFLQ6H023,ECCC_G10478:549300TKZ4DLFLQ6H023,ECCC_GHGRP:2022-04-14,LOCODE_LEI
ECCC_G10233:08IRJODWFYBI7QWRGS31,ECCC_G10233:08IRJODWFYBI7QWRGS31,ECCC_GHGRP:2022-04-14,LOCODE_LEI
ECCC_G10110:5493005WD1ZK6WBVR988,ECCC_G10110:5493005WD1ZK6WBVR988,ECCC_GHGRP:2022-04-14,LOCODE_LEI
ECCC_G10385:54930071Y8KNRMS4OP09,ECCC_G10385:54930071Y8KNRMS4OP09,ECCC_GHGRP:2022-04-14,LOCODE_LEI
ECCC_G10016:YDHER8SKF7V7YW8KZB55,ECCC_G10016:YDHER8SKF7V7YW8KZB55,ECCC_GHGRP:2022-04-14,LOCODE_LEI
ECCC_G10287:YDHER8SKF7V7YW8KZB55,ECCC_G10287:YDHER8SKF7V7YW8KZB55,ECCC_GHGRP:2022-04-14,LOCODE_LEI
ECCC_G10189:549300WER23TDUKKMC85,ECCC_G10189:549300WER23TDUKKMC85,ECCC_GHGRP:2022-04-14,LOCODE_LEI
ECCC_G10308:2138007ZSQ7B17SKOX77,ECCC_G10308:2138007ZSQ7B17SKOX77,ECCC_GHGRP:2022-04-14,LOCODE_LEI
ECCC_G10350:549300WER23TDUKKMC85,ECCC_G10350:549300WER23TDUKKMC85,ECCC_GHGRP:2022-04-14,LOCODE_LEI
ECCC_G10145:54930010KSPD8P06YF46,ECCC_G10145:54930010KSPD8P06YF46,ECCC_GHGRP:2022-04-14,LOCODE_LEI
ECCC_G10217:5493003PRX4V79CH9189,ECCC_G10217:5493003PRX4V79CH9189,ECCC_GHGRP:2022-04-14,LOCODE_LEI
ECCC_G10099:5493003PRX4V79CH9189,ECCC_G10099:5493003PRX4V79CH9189,ECCC_GHGRP:2022-04-14,LOCODE_LEI
ECCC_G10294:529900S0DEXF0NOKQG75,ECCC_G10294:529900S0DEXF0NOKQG75,ECCC_GHGRP:2022-04-14,LOCODE_LEI
ECCC_G10066:549300YUW6N7RXHA4T37,ECCC_G10066:549300YUW6N7RXHA4T37,ECCC_GHGRP:2022-04-14,LOCODE_LEI
ECCC_G10079:549300BWBQRZ10314H05,ECCC_G10079:549300BWBQRZ10314H05,ECCC_GHGRP:2022-04-14,LOCODE_LEI
ECCC_G10141:549300EI29EKHZ6OGZ48,ECCC_G10141:549300EI29EKHZ6OGZ48,ECCC_GHGRP:2022-04-14,LOCODE_LEI
